/*
 Navicat Premium Data Transfer

 Source Server         : mysql_localhost
 Source Server Type    : MySQL
 Source Server Version : 50729
 Source Host           : localhost:3306
 Source Schema         : bladex

 Target Server Type    : MySQL
 Target Server Version : 50729
 File Encoding         : 65001

 Date: 02/04/2020 14:20:15
*/

SET NAMES utf8mb4;
SET FOREIGN_KEY_CHECKS = 0;

-- ----------------------------
-- Table structure for blade_client
-- ----------------------------
DROP TABLE IF EXISTS `blade_client`;
CREATE TABLE `blade_client`  (
  `id` bigint(64) NOT NULL COMMENT '主键',
  `client_id` varchar(48) CHARACTER SET utf8mb4 COLLATE utf8mb4_general_ci NOT NULL COMMENT '客户端id',
  `client_secret` varchar(256) CHARACTER SET utf8mb4 COLLATE utf8mb4_general_ci NOT NULL COMMENT '客户端密钥',
  `resource_ids` varchar(256) CHARACTER SET utf8mb4 COLLATE utf8mb4_general_ci NULL DEFAULT NULL COMMENT '资源集合',
  `scope` varchar(256) CHARACTER SET utf8mb4 COLLATE utf8mb4_general_ci NOT NULL COMMENT '授权范围',
  `authorized_grant_types` varchar(256) CHARACTER SET utf8mb4 COLLATE utf8mb4_general_ci NOT NULL COMMENT '授权类型',
  `web_server_redirect_uri` varchar(256) CHARACTER SET utf8mb4 COLLATE utf8mb4_general_ci NULL DEFAULT NULL COMMENT '回调地址',
  `authorities` varchar(256) CHARACTER SET utf8mb4 COLLATE utf8mb4_general_ci NULL DEFAULT NULL COMMENT '权限',
  `access_token_validity` int(11) NOT NULL COMMENT '令牌过期秒数',
  `refresh_token_validity` int(11) NOT NULL COMMENT '刷新令牌过期秒数',
  `additional_information` varchar(4096) CHARACTER SET utf8mb4 COLLATE utf8mb4_general_ci NULL DEFAULT NULL COMMENT '附加说明',
  `autoapprove` varchar(256) CHARACTER SET utf8mb4 COLLATE utf8mb4_general_ci NULL DEFAULT NULL COMMENT '自动授权',
  `create_user` bigint(64) NULL DEFAULT NULL COMMENT '创建人',
  `create_dept` bigint(64) NULL DEFAULT NULL COMMENT '创建部门',
  `create_time` datetime(0) NULL DEFAULT NULL COMMENT '创建时间',
  `update_user` bigint(64) NULL DEFAULT NULL COMMENT '修改人',
  `update_time` datetime(0) NULL DEFAULT NULL COMMENT '修改时间',
  `status` int(2) NOT NULL COMMENT '状态',
  `is_deleted` int(2) NOT NULL COMMENT '是否已删除',
  PRIMARY KEY (`id`) USING BTREE
) ENGINE = InnoDB CHARACTER SET = utf8mb4 COLLATE = utf8mb4_general_ci COMMENT = '客户端表';

-- ----------------------------
-- Records of blade_client
-- ----------------------------
BEGIN;
INSERT INTO `blade_client` VALUES (1123598811738675201, 'sword', 'sword_secret', NULL, 'all', 'refresh_token,password,authorization_code,captcha', 'http://localhost:8888', NULL, 3600, 604800, NULL, NULL, 1123598815738675201, 1123598813738675201, '2019-03-24 10:40:55', 1123598815738675201, '2019-03-24 10:40:59', 1, 0), (1123598811738675202, 'saber', 'saber_secret', NULL, 'all', 'refresh_token,password,authorization_code,captcha', 'http://localhost:8080', NULL, 3600, 604800, NULL, NULL, 1123598815738675201, 1123598813738675201, '2019-03-24 10:42:29', 1123598815738675201, '2019-03-24 10:42:32', 1, 0);
COMMIT;

-- ----------------------------
-- Table structure for blade_code
-- ----------------------------
DROP TABLE IF EXISTS `blade_code`;
CREATE TABLE `blade_code`  (
  `id` bigint(64) NOT NULL COMMENT '主键',
  `datasource_id` bigint(64) NULL DEFAULT NULL COMMENT '数据源主键',
  `service_name` varchar(64) CHARACTER SET utf8mb4 COLLATE utf8mb4_general_ci NULL DEFAULT NULL COMMENT '服务名称',
  `code_name` varchar(64) CHARACTER SET utf8mb4 COLLATE utf8mb4_general_ci NULL DEFAULT NULL COMMENT '模块名称',
  `table_name` varchar(64) CHARACTER SET utf8mb4 COLLATE utf8mb4_general_ci NULL DEFAULT NULL COMMENT '表名',
  `table_prefix` varchar(64) CHARACTER SET utf8mb4 COLLATE utf8mb4_general_ci NULL DEFAULT NULL COMMENT '表前缀',
  `pk_name` varchar(32) CHARACTER SET utf8mb4 COLLATE utf8mb4_general_ci NULL DEFAULT NULL COMMENT '主键名',
  `package_name` varchar(500) CHARACTER SET utf8mb4 COLLATE utf8mb4_general_ci NULL DEFAULT NULL COMMENT '后端包名',
  `base_mode` int(2) NULL DEFAULT NULL COMMENT '基础业务模式',
  `wrap_mode` int(2) NULL DEFAULT NULL COMMENT '包装器模式',
  `api_path` varchar(2000) CHARACTER SET utf8mb4 COLLATE utf8mb4_general_ci NULL DEFAULT NULL COMMENT '后端路径',
  `web_path` varchar(2000) CHARACTER SET utf8mb4 COLLATE utf8mb4_general_ci NULL DEFAULT NULL COMMENT '前端路径',
  `is_deleted` int(2) NULL DEFAULT 0 COMMENT '是否已删除',
  PRIMARY KEY (`id`) USING BTREE
) ENGINE = InnoDB CHARACTER SET = utf8mb4 COLLATE = utf8mb4_general_ci COMMENT = '代码生成表';

-- ----------------------------
-- Records of blade_code
-- ----------------------------
BEGIN;
INSERT INTO `blade_code` VALUES (1123598812738675201, 1161483357481541634, 'blade-demo', '通知公告', 'blade_notice', 'blade_', 'id', 'org.springblade.desktop', 1, 1, 'D:\\Develop\\WorkSpace\\Git\\SpringBlade\\blade-ops\\blade-develop', 'D:\\Develop\\WorkSpace\\Git\\Sword', 0);
COMMIT;

-- ----------------------------
-- Table structure for blade_datasource
-- ----------------------------
DROP TABLE IF EXISTS `blade_datasource`;
CREATE TABLE `blade_datasource`  (
  `id` bigint(64) NOT NULL COMMENT '主键',
  `name` varchar(100) CHARACTER SET utf8mb4 COLLATE utf8mb4_general_ci NULL DEFAULT NULL COMMENT '名称',
  `driver_class` varchar(100) CHARACTER SET utf8mb4 COLLATE utf8mb4_general_ci NULL DEFAULT NULL COMMENT '驱动类',
  `url` varchar(500) CHARACTER SET utf8mb4 COLLATE utf8mb4_general_ci NULL DEFAULT NULL COMMENT '连接地址',
  `username` varchar(50) CHARACTER SET utf8mb4 COLLATE utf8mb4_general_ci NULL DEFAULT NULL COMMENT '用户名',
  `password` varchar(50) CHARACTER SET utf8mb4 COLLATE utf8mb4_general_ci NULL DEFAULT NULL COMMENT '密码',
  `remark` varchar(255) CHARACTER SET utf8mb4 COLLATE utf8mb4_general_ci NULL DEFAULT NULL COMMENT '备注',
  `create_user` bigint(64) NULL DEFAULT NULL COMMENT '创建人',
  `create_dept` bigint(64) NULL DEFAULT NULL COMMENT '创建部门',
  `create_time` datetime(0) NULL DEFAULT NULL COMMENT '创建时间',
  `update_user` bigint(64) NULL DEFAULT NULL COMMENT '修改人',
  `update_time` datetime(0) NULL DEFAULT NULL COMMENT '修改时间',
  `status` int(2) NULL DEFAULT NULL COMMENT '状态',
  `is_deleted` int(2) NULL DEFAULT NULL COMMENT '是否已删除',
  PRIMARY KEY (`id`) USING BTREE
) ENGINE = InnoDB CHARACTER SET = utf8mb4 COLLATE = utf8mb4_general_ci COMMENT = '数据源配置表';

-- ----------------------------
-- Records of blade_datasource
-- ----------------------------
BEGIN;
INSERT INTO `blade_datasource` VALUES (1161483357481541634, 'mysql', 'com.mysql.cj.jdbc.Driver', 'jdbc:mysql://localhost:3306/bladex?useSSL=false&useUnicode=true&characterEncoding=utf-8&zeroDateTimeBehavior=convertToNull&transformedBitIsBoolean=true&serverTimezone=GMT%2B8&nullCatalogMeansCurrent=true&allowPublicKeyRetrieval=true', 'root', 'root', 'mysql', 1123598821738675201, 1123598813738675201, '2019-08-14 11:43:06', 1123598821738675201, '2019-08-14 11:43:06', 1, 0), (1161483504353484802, 'postgresql', 'org.postgresql.Driver', 'jdbc:postgresql://127.0.0.1:5432/bladex', 'postgres', '123456', 'postgresql', 1123598821738675201, 1123598813738675201, '2019-08-14 11:43:41', 1123598821738675201, '2019-08-14 11:43:41', 1, 0), (1161483594023510018, 'oracle', 'oracle.jdbc.OracleDriver', 'jdbc:oracle:thin:@127.0.0.1:49161:orcl', 'BLADEX', 'bladex', 'oracle', 1123598821738675201, 1123598813738675201, '2019-08-14 11:44:03', 1123598821738675201, '2019-08-14 11:44:03', 1, 0);
COMMIT;

-- ----------------------------
-- Table structure for blade_dept
-- ----------------------------
DROP TABLE IF EXISTS `blade_dept`;
CREATE TABLE `blade_dept`  (
  `id` bigint(64) NOT NULL COMMENT '主键',
  `tenant_id` varchar(12) CHARACTER SET utf8mb4 COLLATE utf8mb4_general_ci NULL DEFAULT '000000' COMMENT '租户ID',
  `parent_id` bigint(64) NULL DEFAULT 0 COMMENT '父主键',
  `ancestors` varchar(2000) CHARACTER SET utf8mb4 COLLATE utf8mb4_general_ci NULL DEFAULT NULL COMMENT '祖级列表',
  `dept_category` int(2) NULL DEFAULT NULL COMMENT '部门类型',
  `dept_name` varchar(45) CHARACTER SET utf8mb4 COLLATE utf8mb4_general_ci NULL DEFAULT NULL COMMENT '部门名',
  `full_name` varchar(45) CHARACTER SET utf8mb4 COLLATE utf8mb4_general_ci NULL DEFAULT NULL COMMENT '部门全称',
  `sort` int(11) NULL DEFAULT NULL COMMENT '排序',
  `remark` varchar(255) CHARACTER SET utf8mb4 COLLATE utf8mb4_general_ci NULL DEFAULT NULL COMMENT '备注',
  `is_deleted` int(2) NULL DEFAULT 0 COMMENT '是否已删除',
  PRIMARY KEY (`id`) USING BTREE
) ENGINE = InnoDB CHARACTER SET = utf8mb4 COLLATE = utf8mb4_general_ci COMMENT = '机构表';

-- ----------------------------
-- Records of blade_dept
-- ----------------------------
BEGIN;
INSERT INTO `blade_dept` VALUES (1123598813738675201, '000000', 0, '0', 1, '刀锋科技', '江苏刀锋科技有限公司', 1, NULL, 0), (1123598813738675202, '000000', 1123598813738675201, '0,1123598813738675201', 1, '常州刀锋', '常州刀锋科技有限公司', 1, NULL, 0), (1123598813738675203, '000000', 1123598813738675201, '0,1123598813738675201', 1, '苏州刀锋', '苏州刀锋科技有限公司', 1, NULL, 0);
COMMIT;

-- ----------------------------
-- Table structure for blade_dict
-- ----------------------------
DROP TABLE IF EXISTS `blade_dict`;
CREATE TABLE `blade_dict`  (
  `id` bigint(64) NOT NULL COMMENT '主键',
  `parent_id` bigint(64) NULL DEFAULT 0 COMMENT '父主键',
  `code` varchar(255) CHARACTER SET utf8mb4 COLLATE utf8mb4_general_ci NULL DEFAULT NULL COMMENT '字典码',
  `dict_key` varchar(255) CHARACTER SET utf8mb4 COLLATE utf8mb4_general_ci NULL DEFAULT NULL COMMENT '字典值',
  `dict_value` varchar(255) CHARACTER SET utf8mb4 COLLATE utf8mb4_general_ci NULL DEFAULT NULL COMMENT '字典名称',
  `sort` int(11) NULL DEFAULT NULL COMMENT '排序',
  `remark` varchar(255) CHARACTER SET utf8mb4 COLLATE utf8mb4_general_ci NULL DEFAULT NULL COMMENT '字典备注',
  `is_sealed` int(2) NULL DEFAULT 0 COMMENT '是否已封存',
  `is_deleted` int(2) NULL DEFAULT 0 COMMENT '是否已删除',
  PRIMARY KEY (`id`) USING BTREE
) ENGINE = InnoDB CHARACTER SET = utf8mb4 COLLATE = utf8mb4_general_ci COMMENT = '字典表';

-- ----------------------------
-- Records of blade_dict
-- ----------------------------
BEGIN;
INSERT INTO `blade_dict` VALUES (1123598814738675201, 0, 'sex', '-1', '性别', 1, NULL, 0, 0), (1123598814738675202, 1123598814738675201, 'sex', '1', '男', 1, NULL, 0, 0), (1123598814738675203, 1123598814738675201, 'sex', '2', '女', 2, NULL, 0, 0), (1123598814738675204, 0, 'notice', '-1', '通知类型', 2, NULL, 0, 0), (1123598814738675205, 1123598814738675204, 'notice', '1', '发布通知', 1, NULL, 0, 0), (1123598814738675206, 1123598814738675204, 'notice', '2', '批转通知', 2, NULL, 0, 0), (1123598814738675207, 1123598814738675204, 'notice', '3', '转发通知', 3, NULL, 0, 0), (1123598814738675208, 1123598814738675204, 'notice', '4', '指示通知', 4, NULL, 0, 0), (1123598814738675209, 1123598814738675204, 'notice', '5', '任免通知', 5, NULL, 0, 0), (1123598814738675210, 1123598814738675204, 'notice', '6', '事务通知', 6, NULL, 0, 0), (1123598814738675211, 0, 'menu_category', '-1', '菜单类型', 3, NULL, 0, 0), (1123598814738675212, 1123598814738675211, 'menu_category', '1', '菜单', 1, NULL, 0, 0), (1123598814738675213, 1123598814738675211, 'menu_category', '2', '按钮', 2, NULL, 0, 0), (1123598814738675214, 0, 'button_func', '-1', '按钮功能', 4, NULL, 0, 0), (1123598814738675215, 1123598814738675214, 'button_func', '1', '工具栏', 1, NULL, 0, 0), (1123598814738675216, 1123598814738675214, 'button_func', '2', '操作栏', 2, NULL, 0, 0), (1123598814738675217, 1123598814738675214, 'button_func', '3', '工具操作栏', 3, NULL, 0, 0), (1123598814738675218, 0, 'yes_no', '-1', '是否', 5, NULL, 0, 0), (1123598814738675219, 1123598814738675218, 'yes_no', '1', '否', 1, NULL, 0, 0), (1123598814738675220, 1123598814738675218, 'yes_no', '2', '是', 2, NULL, 0, 0), (1123598814738675221, 0, 'flow', '-1', '流程类型', 5, NULL, 0, 0), (1123598814738675222, 1123598814738675221, 'flow', '1', '请假流程', 1, 'leave', 0, 0), (1123598814738675223, 1123598814738675221, 'flow', '2', '报销流程', 2, 'expense', 0, 0), (1123598814738675227, 0, 'org_category', '-1', '机构类型', 7, NULL, 0, 0), (1123598814738675228, 1123598814738675227, 'org_category', '1', '公司', 1, NULL, 0, 0), (1123598814738675229, 1123598814738675227, 'org_category', '2', '部门', 2, NULL, 0, 0), (1123598814738675230, 1123598814738675227, 'org_category', '3', '小组', 3, NULL, 0, 0), (1123598814738675231, 0, 'data_scope_type', '-1', '数据权限', 8, NULL, 0, 0), (1123598814738675232, 1123598814738675231, 'data_scope_type', '1', '全部可见', 1, NULL, 0, 0), (1123598814738675233, 1123598814738675231, 'data_scope_type', '2', '本人可见', 2, NULL, 0, 0), (1123598814738675234, 1123598814738675231, 'data_scope_type', '3', '所在机构可见', 3, NULL, 0, 0), (1123598814738675235, 1123598814738675231, 'data_scope_type', '4', '所在机构及子级可见', 4, NULL, 0, 0), (1123598814738675236, 1123598814738675231, 'data_scope_type', '5', '自定义', 5, NULL, 0, 0), (1123598814738675237, 0, 'api_scope_type', '-1', '接口权限', 10, NULL, 0, 0), (1123598814738675238, 1123598814738675237, 'api_scope_type', '1', '系统接口', 1, NULL, 0, 0), (1123598814738675239, 1123598814738675237, 'api_scope_type', '2', '业务接口', 2, NULL, 0, 0), (1123598814738675240, 0, 'scope_category', '-1', '权限类型', 10, NULL, 0, 0), (1123598814738675241, 1123598814738675240, 'scope_category', '1', '数据权限', 1, NULL, 0, 0), (1123598814738675242, 1123598814738675240, 'scope_category', '2', '接口权限', 2, NULL, 0, 0), (1123598814738676224, 0, 'oss', '-1', '对象存储类型', 6, NULL, 0, 0), (1123598814738676225, 1123598814738676224, 'oss', '1', 'minio', 1, NULL, 0, 0), (1123598814738676226, 1123598814738676224, 'oss', '2', '七牛云', 2, NULL, 0, 0), (1123598814738676227, 1123598814738676224, 'oss', '3', '阿里云', 3, NULL, 0, 0), (1123598814738676228, 1123598814738676224, 'oss', '4', '腾讯云', 4, NULL, 0, 0), (1123598814738677220, 0, 'sms', '-1', '短信服务类型', 11, NULL, 0, 0), (1123598814738677221, 1123598814738677220, 'sms', '1', '云片', 1, NULL, 0, 0), (1123598814738677222, 1123598814738677220, 'sms', '2', '七牛云', 2, NULL, 0, 0), (1123598814738677223, 1123598814738677220, 'sms', '3', '阿里云', 3, NULL, 0, 0), (1123598814738677224, 1123598814738677220, 'sms', '4', '腾讯云', 4, NULL, 0, 0), (1123598814738777220, 0, 'post_category', '-1', '岗位类型', 12, NULL, 0, 0), (1123598814738777221, 1123598814738777220, 'post_category', '1', '高层', 1, NULL, 0, 0), (1123598814738777222, 1123598814738777220, 'post_category', '2', '中层', 2, NULL, 0, 0), (1123598814738777223, 1123598814738777220, 'post_category', '3', '基层', 3, NULL, 0, 0), (1123598814738777224, 1123598814738777220, 'post_category', '4', '其他', 4, NULL, 0, 0);
COMMIT;

-- ----------------------------
-- Table structure for blade_dict_biz
-- ----------------------------
DROP TABLE IF EXISTS `blade_dict_biz`;
CREATE TABLE `blade_dict_biz`  (
  `id` bigint(64) NOT NULL COMMENT '主键',
  `tenant_id` varchar(12) CHARACTER SET utf8mb4 COLLATE utf8mb4_general_ci NULL DEFAULT NULL COMMENT '租户ID',
  `parent_id` bigint(64) NULL DEFAULT 0 COMMENT '父主键',
  `code` varchar(255) CHARACTER SET utf8mb4 COLLATE utf8mb4_general_ci NULL DEFAULT NULL COMMENT '字典码',
  `dict_key` varchar(255) CHARACTER SET utf8mb4 COLLATE utf8mb4_general_ci NULL DEFAULT NULL COMMENT '字典值',
  `dict_value` varchar(255) CHARACTER SET utf8mb4 COLLATE utf8mb4_general_ci NULL DEFAULT NULL COMMENT '字典名称',
  `sort` int(11) NULL DEFAULT NULL COMMENT '排序',
  `remark` varchar(255) CHARACTER SET utf8mb4 COLLATE utf8mb4_general_ci NULL DEFAULT NULL COMMENT '字典备注',
  `is_sealed` int(2) NULL DEFAULT 0 COMMENT '是否已封存',
  `is_deleted` int(2) NULL DEFAULT 0 COMMENT '是否已删除',
  PRIMARY KEY (`id`) USING BTREE
) ENGINE = InnoDB CHARACTER SET = utf8mb4 COLLATE = utf8mb4_general_ci COMMENT = '业务字典表';

-- ----------------------------
-- Table structure for blade_log_api
-- ----------------------------
DROP TABLE IF EXISTS `blade_log_api`;
CREATE TABLE `blade_log_api`  (
  `id` bigint(64) NOT NULL COMMENT '编号',
  `tenant_id` varchar(12) CHARACTER SET utf8mb4 COLLATE utf8mb4_general_ci NULL DEFAULT '000000' COMMENT '租户ID',
  `service_id` varchar(32) CHARACTER SET utf8mb4 COLLATE utf8mb4_general_ci NULL DEFAULT NULL COMMENT '服务ID',
  `server_host` varchar(255) CHARACTER SET utf8mb4 COLLATE utf8mb4_general_ci NULL DEFAULT NULL COMMENT '服务器名',
  `server_ip` varchar(255) CHARACTER SET utf8mb4 COLLATE utf8mb4_general_ci NULL DEFAULT NULL COMMENT '服务器IP地址',
  `env` varchar(255) CHARACTER SET utf8mb4 COLLATE utf8mb4_general_ci NULL DEFAULT NULL COMMENT '服务器环境',
  `type` char(1) CHARACTER SET utf8mb4 COLLATE utf8mb4_general_ci NULL DEFAULT '1' COMMENT '日志类型',
  `title` varchar(255) CHARACTER SET utf8mb4 COLLATE utf8mb4_general_ci NULL DEFAULT '' COMMENT '日志标题',
  `method` varchar(10) CHARACTER SET utf8mb4 COLLATE utf8mb4_general_ci NULL DEFAULT NULL COMMENT '操作方式',
  `request_uri` varchar(255) CHARACTER SET utf8mb4 COLLATE utf8mb4_general_ci NULL DEFAULT NULL COMMENT '请求URI',
  `user_agent` varchar(1000) CHARACTER SET utf8mb4 COLLATE utf8mb4_general_ci NULL DEFAULT NULL COMMENT '用户代理',
  `remote_ip` varchar(255) CHARACTER SET utf8mb4 COLLATE utf8mb4_general_ci NULL DEFAULT NULL COMMENT '操作IP地址',
  `method_class` varchar(255) CHARACTER SET utf8mb4 COLLATE utf8mb4_general_ci NULL DEFAULT NULL COMMENT '方法类',
  `method_name` varchar(255) CHARACTER SET utf8mb4 COLLATE utf8mb4_general_ci NULL DEFAULT NULL COMMENT '方法名',
  `params` text CHARACTER SET utf8mb4 COLLATE utf8mb4_general_ci NULL COMMENT '操作提交的数据',
  `time` varchar(64) CHARACTER SET utf8mb4 COLLATE utf8mb4_general_ci NULL DEFAULT NULL COMMENT '执行时间',
  `create_by` varchar(64) CHARACTER SET utf8mb4 COLLATE utf8mb4_general_ci NULL DEFAULT NULL COMMENT '创建者',
  `create_time` datetime(0) NULL DEFAULT CURRENT_TIMESTAMP(0) COMMENT '创建时间',
  PRIMARY KEY (`id`) USING BTREE
) ENGINE = InnoDB CHARACTER SET = utf8mb4 COLLATE = utf8mb4_general_ci COMMENT = '接口日志表';

-- ----------------------------
-- Table structure for blade_log_error
-- ----------------------------
DROP TABLE IF EXISTS `blade_log_error`;
CREATE TABLE `blade_log_error`  (
  `id` bigint(64) NOT NULL COMMENT '编号',
  `tenant_id` varchar(12) CHARACTER SET utf8mb4 COLLATE utf8mb4_general_ci NULL DEFAULT '000000' COMMENT '租户ID',
  `service_id` varchar(32) CHARACTER SET utf8mb4 COLLATE utf8mb4_general_ci NULL DEFAULT NULL COMMENT '服务ID',
  `server_host` varchar(255) CHARACTER SET utf8mb4 COLLATE utf8mb4_general_ci NULL DEFAULT NULL COMMENT '服务器名',
  `server_ip` varchar(255) CHARACTER SET utf8mb4 COLLATE utf8mb4_general_ci NULL DEFAULT NULL COMMENT '服务器IP地址',
  `env` varchar(255) CHARACTER SET utf8mb4 COLLATE utf8mb4_general_ci NULL DEFAULT NULL COMMENT '系统环境',
  `method` varchar(10) CHARACTER SET utf8mb4 COLLATE utf8mb4_general_ci NULL DEFAULT NULL COMMENT '操作方式',
  `request_uri` varchar(255) CHARACTER SET utf8mb4 COLLATE utf8mb4_general_ci NULL DEFAULT NULL COMMENT '请求URI',
  `user_agent` varchar(1000) CHARACTER SET utf8mb4 COLLATE utf8mb4_general_ci NULL DEFAULT NULL COMMENT '用户代理',
  `stack_trace` text CHARACTER SET utf8mb4 COLLATE utf8mb4_general_ci NULL COMMENT '堆栈',
  `exception_name` varchar(255) CHARACTER SET utf8mb4 COLLATE utf8mb4_general_ci NULL DEFAULT NULL COMMENT '异常名',
  `message` text CHARACTER SET utf8mb4 COLLATE utf8mb4_general_ci NULL COMMENT '异常信息',
  `line_number` int(11) NULL DEFAULT NULL COMMENT '错误行数',
  `remote_ip` varchar(255) CHARACTER SET utf8mb4 COLLATE utf8mb4_general_ci NULL DEFAULT NULL COMMENT '操作IP地址',
  `method_class` varchar(255) CHARACTER SET utf8mb4 COLLATE utf8mb4_general_ci NULL DEFAULT NULL COMMENT '方法类',
  `file_name` varchar(1000) CHARACTER SET utf8mb4 COLLATE utf8mb4_general_ci NULL DEFAULT NULL COMMENT '文件名',
  `method_name` varchar(255) CHARACTER SET utf8mb4 COLLATE utf8mb4_general_ci NULL DEFAULT NULL COMMENT '方法名',
  `params` text CHARACTER SET utf8mb4 COLLATE utf8mb4_general_ci NULL COMMENT '操作提交的数据',
  `create_by` varchar(64) CHARACTER SET utf8mb4 COLLATE utf8mb4_general_ci NULL DEFAULT NULL COMMENT '创建者',
  `create_time` datetime(0) NULL DEFAULT CURRENT_TIMESTAMP(0) COMMENT '创建时间',
  PRIMARY KEY (`id`) USING BTREE
) ENGINE = InnoDB CHARACTER SET = utf8mb4 COLLATE = utf8mb4_general_ci COMMENT = '错误日志表';

-- ----------------------------
-- Table structure for blade_log_usual
-- ----------------------------
DROP TABLE IF EXISTS `blade_log_usual`;
CREATE TABLE `blade_log_usual`  (
  `id` bigint(64) NOT NULL COMMENT '编号',
  `tenant_id` varchar(12) CHARACTER SET utf8mb4 COLLATE utf8mb4_general_ci NULL DEFAULT '000000' COMMENT '租户ID',
  `service_id` varchar(32) CHARACTER SET utf8mb4 COLLATE utf8mb4_general_ci NULL DEFAULT NULL COMMENT '服务ID',
  `server_host` varchar(255) CHARACTER SET utf8mb4 COLLATE utf8mb4_general_ci NULL DEFAULT NULL COMMENT '服务器名',
  `server_ip` varchar(255) CHARACTER SET utf8mb4 COLLATE utf8mb4_general_ci NULL DEFAULT NULL COMMENT '服务器IP地址',
  `env` varchar(255) CHARACTER SET utf8mb4 COLLATE utf8mb4_general_ci NULL DEFAULT NULL COMMENT '系统环境',
  `log_level` varchar(10) CHARACTER SET utf8mb4 COLLATE utf8mb4_general_ci NULL DEFAULT NULL COMMENT '日志级别',
  `log_id` varchar(100) CHARACTER SET utf8mb4 COLLATE utf8mb4_general_ci NULL DEFAULT NULL COMMENT '日志业务id',
  `log_data` text CHARACTER SET utf8mb4 COLLATE utf8mb4_general_ci NULL COMMENT '日志数据',
  `method` varchar(10) CHARACTER SET utf8mb4 COLLATE utf8mb4_general_ci NULL DEFAULT NULL COMMENT '操作方式',
  `request_uri` varchar(255) CHARACTER SET utf8mb4 COLLATE utf8mb4_general_ci NULL DEFAULT NULL COMMENT '请求URI',
  `remote_ip` varchar(255) CHARACTER SET utf8mb4 COLLATE utf8mb4_general_ci NULL DEFAULT NULL COMMENT '操作IP地址',
  `method_class` varchar(255) CHARACTER SET utf8mb4 COLLATE utf8mb4_general_ci NULL DEFAULT NULL COMMENT '方法类',
  `method_name` varchar(255) CHARACTER SET utf8mb4 COLLATE utf8mb4_general_ci NULL DEFAULT NULL COMMENT '方法名',
  `user_agent` varchar(1000) CHARACTER SET utf8mb4 COLLATE utf8mb4_general_ci NULL DEFAULT NULL COMMENT '用户代理',
  `params` text CHARACTER SET utf8mb4 COLLATE utf8mb4_general_ci NULL COMMENT '操作提交的数据',
  `create_by` varchar(64) CHARACTER SET utf8mb4 COLLATE utf8mb4_general_ci NULL DEFAULT NULL COMMENT '创建者',
  `create_time` datetime(0) NULL DEFAULT CURRENT_TIMESTAMP(0) COMMENT '创建时间',
  PRIMARY KEY (`id`) USING BTREE
) ENGINE = InnoDB CHARACTER SET = utf8mb4 COLLATE = utf8mb4_general_ci COMMENT = '通用日志表';

-- ----------------------------
-- Table structure for blade_menu
-- ----------------------------
DROP TABLE IF EXISTS `blade_menu`;
CREATE TABLE `blade_menu`  (
  `id` bigint(64) NOT NULL COMMENT '主键',
  `parent_id` bigint(64) NULL DEFAULT 0 COMMENT '父级菜单',
  `code` varchar(255) CHARACTER SET utf8mb4 COLLATE utf8mb4_general_ci NULL DEFAULT NULL COMMENT '菜单编号',
  `name` varchar(255) CHARACTER SET utf8mb4 COLLATE utf8mb4_general_ci NULL DEFAULT NULL COMMENT '菜单名称',
  `alias` varchar(255) CHARACTER SET utf8mb4 COLLATE utf8mb4_general_ci NULL DEFAULT NULL COMMENT '菜单别名',
  `path` varchar(255) CHARACTER SET utf8mb4 COLLATE utf8mb4_general_ci NULL DEFAULT NULL COMMENT '请求地址',
  `source` varchar(255) CHARACTER SET utf8mb4 COLLATE utf8mb4_general_ci NULL DEFAULT NULL COMMENT '菜单资源',
  `sort` int(2) NULL DEFAULT NULL COMMENT '排序',
  `category` int(2) NULL DEFAULT NULL COMMENT '菜单类型',
  `action` int(2) NULL DEFAULT 0 COMMENT '操作按钮类型',
  `is_open` int(2) NULL DEFAULT 1 COMMENT '是否打开新页面',
  `remark` varchar(255) CHARACTER SET utf8mb4 COLLATE utf8mb4_general_ci NULL DEFAULT NULL COMMENT '备注',
  `is_deleted` int(2) NULL DEFAULT 0 COMMENT '是否已删除',
  PRIMARY KEY (`id`) USING BTREE
) ENGINE = InnoDB CHARACTER SET = utf8mb4 COLLATE = utf8mb4_general_ci COMMENT = '菜单表';

-- ----------------------------
-- Records of blade_menu
-- ----------------------------
BEGIN;
INSERT INTO `blade_menu` VALUES (1123598815738675201, 0, 'desk', '工作台', 'menu', '/desk', 'iconfont iconicon_airplay', 1, 1, 0, 1, NULL, 0), (1123598815738675202, 1123598815738675201, 'notice', '通知公告', 'menu', '/desk/notice', 'iconfont iconicon_sms', 1, 1, 0, 1, NULL, 0), (1123598815738675203, 0, 'system', '系统管理', 'menu', '/system', 'iconfont iconicon_setting', 99, 1, 0, 1, NULL, 0), (1123598815738675204, 1123598815738675203, 'user', '用户管理', 'menu', '/system/user', 'iconfont iconicon_principal', 1, 1, 0, 1, NULL, 0), (1123598815738675205, 1123598815738675203, 'dept', '机构管理', 'menu', '/system/dept', 'iconfont iconicon_group', 2, 1, 0, 1, NULL, 0), (1123598815738675206, 1123598815738675203, 'dict', '系统字典', 'menu', '/system/dict', 'iconfont iconicon_addresslist', 4, 1, 0, 1, NULL, 0), (1123598815738675207, 1123598815738675203, 'menu', '菜单管理', 'menu', '/system/menu', 'iconfont iconicon_subordinate', 6, 1, 0, 1, NULL, 0), (1123598815738675208, 1123598815738675203, 'topmenu', '顶部菜单', 'menu', '/system/topmenu', 'iconfont icon-canshu', 7, 1, 0, 1, NULL, 0), (1123598815738675209, 1123598815738675203, 'param', '参数管理', 'menu', '/system/param', 'iconfont iconicon_community_line', 8, 1, 0, 1, NULL, 0), (1123598815738675210, 0, 'monitor', '系统监控', 'menu', '/monitor', 'iconfont icon-yanzhengma', 3, 1, 0, 1, NULL, 0), (1123598815738675211, 1123598815738675210, 'doc', '接口文档', 'menu', 'http://localhost/doc.html', 'iconfont iconicon_study', 1, 1, 0, 2, NULL, 0), (1123598815738675212, 1123598815738675210, 'admin', '服务治理', 'menu', 'http://localhost:7002', 'iconfont icon-canshu', 2, 1, 0, 2, NULL, 0), (1123598815738675213, 1123598815738675210, 'log', '日志管理', 'menu', '/monitor/log', 'iconfont iconicon_doc', 8, 1, 0, 1, NULL, 0), (1123598815738675214, 1123598815738675213, 'log_usual', '通用日志', 'menu', '/monitor/log/usual', NULL, 1, 1, 0, 1, NULL, 0), (1123598815738675215, 1123598815738675213, 'log_api', '接口日志', 'menu', '/monitor/log/api', NULL, 2, 1, 0, 1, NULL, 0), (1123598815738675216, 1123598815738675213, 'log_error', '错误日志', 'menu', '/monitor/log/error', NULL, 3, 1, 0, 1, NULL, 0), (1123598815738675217, 0, 'tool', '研发工具', 'menu', '/tool', 'iconfont icon-wxbgongju', 4, 1, 0, 1, NULL, 0), (1123598815738675218, 1123598815738675217, 'code', '代码生成', 'menu', '/tool/code', 'iconfont iconicon_savememo', 1, 1, 0, 1, NULL, 0), (1123598815738675219, 1123598815738675202, 'notice_add', '新增', 'add', '/desk/notice/add', 'plus', 1, 2, 1, 1, NULL, 0), (1123598815738675220, 1123598815738675202, 'notice_edit', '修改', 'edit', '/desk/notice/edit', 'form', 2, 2, 2, 1, NULL, 0), (1123598815738675221, 1123598815738675202, 'notice_delete', '删除', 'delete', '/api/blade-desk/notice/remove', 'delete', 3, 2, 3, 1, NULL, 0), (1123598815738675222, 1123598815738675202, 'notice_view', '查看', 'view', '/desk/notice/view', 'file-text', 4, 2, 2, 1, NULL, 0), (1123598815738675223, 1123598815738675204, 'user_add', '新增', 'add', '/system/user/add', 'plus', 1, 2, 1, 1, NULL, 0), (1123598815738675224, 1123598815738675204, 'user_edit', '修改', 'edit', '/system/user/edit', 'form', 2, 2, 2, 1, NULL, 0), (1123598815738675225, 1123598815738675204, 'user_delete', '删除', 'delete', '/api/blade-user/remove', 'delete', 3, 2, 3, 1, NULL, 0), (1123598815738675226, 1123598815738675204, 'user_role', '角色配置', 'role', NULL, 'user-add', 4, 2, 1, 1, NULL, 0), (1123598815738675227, 1123598815738675204, 'user_reset', '密码重置', 'reset-password', '/api/blade-user/reset-password', 'retweet', 5, 2, 1, 1, NULL, 0), (1123598815738675228, 1123598815738675204, 'user_view', '查看', 'view', '/system/user/view', 'file-text', 6, 2, 2, 1, NULL, 0), (1123598815738675229, 1123598815738675205, 'dept_add', '新增', 'add', '/system/dept/add', 'plus', 1, 2, 1, 1, NULL, 0), (1123598815738675230, 1123598815738675205, 'dept_edit', '修改', 'edit', '/system/dept/edit', 'form', 2, 2, 2, 1, NULL, 0), (1123598815738675231, 1123598815738675205, 'dept_delete', '删除', 'delete', '/api/blade-system/dept/remove', 'delete', 3, 2, 3, 1, NULL, 0), (1123598815738675232, 1123598815738675205, 'dept_view', '查看', 'view', '/system/dept/view', 'file-text', 4, 2, 2, 1, NULL, 0), (1123598815738675233, 1123598815738675206, 'dict_add', '新增', 'add', '/system/dict/add', 'plus', 1, 2, 1, 1, NULL, 0), (1123598815738675234, 1123598815738675206, 'dict_edit', '修改', 'edit', '/system/dict/edit', 'form', 2, 2, 2, 1, NULL, 0), (1123598815738675235, 1123598815738675206, 'dict_delete', '删除', 'delete', '/api/blade-system/dict/remove', 'delete', 3, 2, 3, 1, NULL, 0), (1123598815738675236, 1123598815738675206, 'dict_view', '查看', 'view', '/system/dict/view', 'file-text', 4, 2, 2, 1, NULL, 0), (1123598815738675237, 1123598815738675207, 'menu_add', '新增', 'add', '/system/menu/add', 'plus', 1, 2, 1, 1, NULL, 0), (1123598815738675238, 1123598815738675207, 'menu_edit', '修改', 'edit', '/system/menu/edit', 'form', 2, 2, 2, 1, NULL, 0), (1123598815738675239, 1123598815738675207, 'menu_delete', '删除', 'delete', '/api/blade-system/menu/remove', 'delete', 3, 2, 3, 1, NULL, 0), (1123598815738675240, 1123598815738675207, 'menu_view', '查看', 'view', '/system/menu/view', 'file-text', 4, 2, 2, 1, NULL, 0), (1123598815738675241, 1123598815738675308, 'role_add', '新增', 'add', '/authority/role/add', 'plus', 1, 2, 1, 1, NULL, 0), (1123598815738675242, 1123598815738675308, 'role_edit', '修改', 'edit', '/authority/role/edit', 'form', 2, 2, 2, 1, NULL, 0), (1123598815738675243, 1123598815738675308, 'role_delete', '删除', 'delete', '/api/blade-system/role/remove', 'delete', 3, 2, 3, 1, NULL, 0), (1123598815738675244, 1123598815738675308, 'role_view', '查看', 'view', '/authority/role/view', 'file-text', 4, 2, 2, 1, NULL, 0), (1123598815738675245, 1123598815738675209, 'param_add', '新增', 'add', '/system/param/add', 'plus', 1, 2, 1, 1, NULL, 0), (1123598815738675246, 1123598815738675209, 'param_edit', '修改', 'edit', '/system/param/edit', 'form', 2, 2, 2, 1, NULL, 0), (1123598815738675247, 1123598815738675209, 'param_delete', '删除', 'delete', '/api/blade-system/param/remove', 'delete', 3, 2, 3, 1, NULL, 0), (1123598815738675248, 1123598815738675209, 'param_view', '查看', 'view', '/system/param/view', 'file-text', 4, 2, 2, 1, NULL, 0), (1123598815738675249, 1123598815738675214, 'log_usual_view', '查看', 'view', '/monitor/log/usual/view', 'file-text', 4, 2, 2, 1, NULL, 0), (1123598815738675250, 1123598815738675215, 'log_api_view', '查看', 'view', '/monitor/log/api/view', 'file-text', 4, 2, 2, 1, NULL, 0), (1123598815738675251, 1123598815738675216, 'log_error_view', '查看', 'view', '/monitor/log/error/view', 'file-text', 4, 2, 2, 1, NULL, 0), (1123598815738675252, 1123598815738675218, 'code_add', '新增', 'add', '/tool/code/add', 'plus', 1, 2, 1, 1, NULL, 0), (1123598815738675253, 1123598815738675218, 'code_edit', '修改', 'edit', '/tool/code/edit', 'form', 2, 2, 2, 1, NULL, 0), (1123598815738675254, 1123598815738675218, 'code_delete', '删除', 'delete', '/api/blade-system/code/remove', 'delete', 3, 2, 3, 1, NULL, 0), (1123598815738675255, 1123598815738675218, 'code_view', '查看', 'view', '/tool/code/view', 'file-text', 4, 2, 2, 1, NULL, 0), (1123598815738675256, 1123598815738675203, 'tenant', '租户管理', 'menu', '/system/tenant', 'iconfont icon-quanxian', 9, 1, 0, 1, NULL, 0), (1123598815738675257, 1123598815738675256, 'tenant_add', '新增', 'add', '/system/tenant/add', 'plus', 1, 2, 1, 1, NULL, 0), (1123598815738675258, 1123598815738675256, 'tenant_edit', '修改', 'edit', '/system/tenant/edit', 'form', 2, 2, 2, 1, NULL, 0), (1123598815738675259, 1123598815738675256, 'tenant_delete', '删除', 'delete', '/api/blade-system/tenant/remove', 'delete', 3, 2, 3, 1, NULL, 0), (1123598815738675260, 1123598815738675256, 'tenant_view', '查看', 'view', '/system/tenant/view', 'file-text', 4, 2, 2, 1, NULL, 0), (1123598815738675261, 1123598815738675203, 'client', '应用管理', 'menu', '/system/client', 'iconfont iconicon_mobilephone', 10, 1, 0, 1, NULL, 0), (1123598815738675262, 1123598815738675261, 'client_add', '新增', 'add', '/system/client/add', 'plus', 1, 2, 1, 1, NULL, 0), (1123598815738675263, 1123598815738675261, 'client_edit', '修改', 'edit', '/system/client/edit', 'form', 2, 2, 2, 2, NULL, 0), (1123598815738675264, 1123598815738675261, 'client_delete', '删除', 'delete', '/api/blade-system/client/remove', 'delete', 3, 2, 3, 3, NULL, 0), (1123598815738675265, 1123598815738675261, 'client_view', '查看', 'view', '/system/client/view', 'file-text', 4, 2, 2, 2, NULL, 0), (1123598815738675266, 0, 'flow', '流程管理', 'menu', '/flow', 'iconfont iconicon_send', 5, 1, 0, 1, '', 0), (1123598815738675267, 1123598815738675266, 'flow_model', '模型管理', 'menu', '/flow/model', 'iconfont iconicon_discovery', 1, 1, 0, 1, '', 0), (1123598815738675268, 1123598815738675267, 'flow_model_create', '创建', 'create', '', 'plus', 1, 2, 1, 1, NULL, 0), (1123598815738675269, 1123598815738675267, 'flow_model_update', '编辑', 'update', '', 'form', 2, 2, 2, 1, NULL, 0), (1123598815738675270, 1123598815738675267, 'flow_model_deploy', '部署', 'deploy', '', 'cloud-upload', 3, 2, 2, 1, NULL, 0), (1123598815738675271, 1123598815738675267, 'flow_model_download', '下载', 'download', '', 'download', 4, 2, 2, 1, NULL, 0), (1123598815738675272, 1123598815738675267, 'flow_model_delete', '删除', 'delete', '/api/blade-flow/model/remove', 'delete', 5, 2, 3, 1, NULL, 0), (1123598815738675273, 1123598815738675266, 'flow_deploy', '流程部署', 'menu', '/flow/deploy', 'iconfont iconicon_cspace', 2, 1, 0, 1, '', 0), (1123598815738675274, 1123598815738675266, 'flow_manager', '流程管理', 'menu', '/flow/manager', 'iconfont iconicon_cloud_history', 3, 1, 0, 1, '', 0), (1123598815738675275, 1123598815738675274, 'flow_manager_state', '变更状态', 'state', '', 'plus', 1, 2, 2, 1, NULL, 0), (1123598815738675276, 1123598815738675274, 'flow_manager_image', '流程图', 'image', '', 'image', 2, 2, 2, 1, NULL, 0), (1123598815738675277, 1123598815738675274, 'flow_manager_remove', '删除', 'remove', '', 'delete', 3, 2, 3, 1, NULL, 0), (1123598815738675278, 1123598815738675266, 'flow_follow', '流程跟踪', 'menu', '/flow/follow', 'iconfont iconicon_GPS', 4, 1, 0, 1, '', 0), (1123598815738675279, 1123598815738675278, 'flow_follow_delete', '删除', 'remove', '', 'remove', 1, 2, 2, 1, NULL, 0), (1123598815738675280, 0, 'work', '我的事务', 'menu', '/work', 'iconfont iconicon_notice', 2, 1, 0, 1, '', 0), (1123598815738675281, 1123598815738675280, 'work_start', '发起事务', 'menu', '/work/start', 'iconfont iconicon_compile', 1, 1, 0, 1, '', 0), (1123598815738675282, 1123598815738675281, 'work_start_flow', '发起', 'flow', '', 'flow', 1, 2, 2, 1, NULL, 0), (1123598815738675283, 1123598815738675281, 'work_start_image', '流程图', 'image', '', 'image', 2, 2, 2, 1, NULL, 0), (1123598815738675284, 1123598815738675280, 'work_claim', '待签事务', 'menu', '/work/claim', 'iconfont iconicon_ding', 2, 1, 0, 1, '', 0), (1123598815738675285, 1123598815738675284, 'work_claim_sign', '签收', 'sign', '', 'sign', 1, 2, 2, 1, NULL, 0), (1123598815738675286, 1123598815738675284, 'work_claim_detail', '详情', 'detail', '', 'detail', 2, 2, 2, 1, NULL, 0), (1123598815738675287, 1123598815738675284, 'work_claim_follow', '跟踪', 'follow', '', 'follow', 3, 2, 2, 1, NULL, 0), (1123598815738675288, 1123598815738675280, 'work_todo', '待办事务', 'menu', '/work/todo', 'iconfont iconicon_savememo', 2, 1, 0, 1, '', 0), (1123598815738675289, 1123598815738675288, 'work_todo_handle', '办理', 'handle', '', 'handle', 1, 2, 2, 1, NULL, 0), (1123598815738675290, 1123598815738675288, 'work_todo_detail', '详情', 'detail', '', 'detail', 2, 2, 2, 1, NULL, 0), (1123598815738675291, 1123598815738675288, 'work_todo_follow', '跟踪', 'follow', '', 'follow', 3, 2, 2, 1, NULL, 0), (1123598815738675292, 1123598815738675280, 'work_send', '已发事务', 'menu', '/work/send', 'iconfont iconicon_doc', 3, 1, 0, 1, '', 0), (1123598815738675293, 1123598815738675292, 'work_send_detail', '详情', 'detail', '', 'detail', 1, 2, 2, 1, NULL, 0), (1123598815738675294, 1123598815738675292, 'work_send_follow', '跟踪', 'follow', '', 'follow', 2, 2, 2, 1, NULL, 0), (1123598815738675295, 1123598815738675280, 'work_done', '办结事务', 'menu', '/work/done', 'iconfont iconicon_dispose', 4, 1, 0, 1, '', 0), (1123598815738675296, 1123598815738675295, 'work_done_detail', '详情', 'detail', '', 'detail', 1, 2, 2, 1, NULL, 0), (1123598815738675297, 1123598815738675295, 'work_done_follow', '跟踪', 'follow', '', 'follow', 2, 2, 2, 1, NULL, 0), (1123598815738675298, 0, 'resource', '资源管理', 'menu', '/resource', 'iconfont iconicon_coinpurse_line', 6, 1, 0, 1, '', 0), (1123598815738675299, 1123598815738675298, 'oss', '对象存储', 'menu', '/resource/oss', 'iconfont iconicon_subordinate', 1, 1, 0, 1, '', 0), (1123598815738675301, 1123598815738675299, 'oss_add', '新增', 'add', '/resource/oss/add', 'plus', 1, 2, 1, 1, NULL, 0), (1123598815738675302, 1123598815738675299, 'oss_edit', '修改', 'edit', '/resource/oss/edit', 'form', 2, 2, 2, 2, NULL, 0), (1123598815738675303, 1123598815738675299, 'oss_delete', '删除', 'delete', '/api/blade-resource/oss/remove', 'delete', 3, 2, 3, 3, NULL, 0), (1123598815738675304, 1123598815738675299, 'oss_view', '查看', 'view', '/resource/oss/view', 'file-text', 4, 2, 2, 2, NULL, 0), (1123598815738675305, 1123598815738675299, 'oss_enable', '启用', 'enable', '/api/blade-resource/oss/enable', 'key', 5, 2, 2, 2, NULL, 0), (1123598815738675307, 0, 'authority', '权限管理', 'menu', '/authority', 'iconfont icon-bofangqi-suoping', 98, 1, 0, 1, '', 0), (1123598815738675308, 1123598815738675307, 'role', '角色管理', 'menu', '/authority/role', 'iconfont iconicon_boss', 1, 1, 0, 1, NULL, 0), (1123598815738675309, 1123598815738675307, 'data_scope', '数据权限', 'menu', '/authority/datascope', 'iconfont icon-shujuzhanshi2', 2, 1, 0, 1, '', 0), (1123598815738675310, 1123598815738675309, 'data_scope_setting', '权限配置', 'setting', NULL, 'setting', 1, 2, 2, 1, NULL, 0), (1123598815738675311, 1123598815738675307, 'api_scope', '接口权限', 'menu', '/authority/apiscope', 'iconfont icon-iconset0216', 3, 1, 0, 1, '', 0), (1123598815738675312, 1123598815738675311, 'api_scope_setting', '权限配置', 'setting', NULL, 'setting', 1, 2, 2, 1, NULL, 0), (1123598815738675313, 1123598815738675208, 'topmenu_add', '新增', 'add', '/system/topmenu/add', 'plus', 1, 2, 1, 1, NULL, 0), (1123598815738675314, 1123598815738675208, 'topmenu_edit', '修改', 'edit', '/system/topmenu/edit', 'form', 2, 2, 2, 1, NULL, 0), (1123598815738675315, 1123598815738675208, 'topmenu_delete', '删除', 'delete', '/api/blade-system/topmenu/remove', 'delete', 3, 2, 3, 1, NULL, 0), (1123598815738675316, 1123598815738675208, 'topmenu_view', '查看', 'view', '/system/topmenu/view', 'file-text', 4, 2, 2, 1, NULL, 0), (1123598815738675317, 1123598815738675208, 'topmenu_setting', '菜单配置', 'setting', NULL, 'setting', 5, 2, 1, 1, NULL, 0), (1161272593873321991, 1123598815738675217, 'datasource', '数据源管理', 'menu', '/tool/datasource', 'iconfont icon-caidanguanli', 2, 1, 0, 1, NULL, 0), (1161272593873321992, 1161272593873321991, 'datasource_add', '新增', 'add', '/tool/datasource/add', 'plus', 1, 2, 1, 1, NULL, 0), (1161272593873321993, 1161272593873321991, 'datasource_edit', '修改', 'edit', '/tool/datasource/edit', 'form', 2, 2, 2, 2, NULL, 0), (1161272593873321994, 1161272593873321991, 'datasource_delete', '删除', 'delete', '/api/blade-develop/datasource/remove', 'delete', 3, 2, 3, 3, NULL, 0), (1161272593873321995, 1161272593873321991, 'datasource_view', '查看', 'view', '/tool/datasource/view', 'file-text', 4, 2, 2, 2, NULL, 0), (1164733121140551682, 1123598815738675217, 'form', '表单设计', 'form', 'https://form.avuejs.com/', 'iconfont iconicon_compile', 3, 1, 0, 2, '', 0), (1164733349637844993, 1123598815738675217, 'crud', '表格设计', 'crud', 'https://crud.avuejs.com/', 'iconfont iconicon_work', 4, 1, 0, 2, '', 0), (1164733369658963251, 1123598815738675210, 'elk', 'ELK监控', 'menu', 'http://localhost:5601/', 'iconfont iconicon_cspace', 3, 1, 0, 2, '', 0), (1164733369658963252, 1123598815738675210, 'zipkin', 'Zipkin监控', 'menu', 'http://localhost:9411/', 'iconfont iconicon_task', 4, 1, 0, 2, '', 0), (1164733369658963253, 1123598815738675210, 'turbine', 'Turbine监控', 'menu', 'http://localhost:7003/hystrix', 'iconfont iconicon_subordinate', 5, 1, 0, 2, '', 0), (1164733369658963254, 1123598815738675210, 'sentinel', 'Sentinel管理', 'menu', 'http://localhost:8858', 'iconfont iconicon_safety', 6, 1, 0, 2, '', 0), (1164733369658963255, 1123598815738675210, 'es', 'Elasticsearch管理', 'menu', 'http://localhost:9100/', 'iconfont iconfont iconicon_search', 7, 1, 0, 2, '', 0), (1164733379658963251, 1123598815738675203, 'dictbiz', '业务字典', 'menu', '/system/dictbiz', 'iconfont iconicon_study', 5, 1, 0, 1, '', 0), (1164733379658963252, 1164733379658963251, 'dictbiz_add', '新增', 'add', '/system/dictbiz/add', 'plus', 1, 2, 1, 1, '', 0), (1164733379658963253, 1164733379658963251, 'dictbiz_edit', '修改', 'edit', '/system/dictbiz/edit', 'form', 2, 2, 2, 1, '', 0), (1164733379658963254, 1164733379658963251, 'dictbiz_delete', '删除', 'delete', '/api/blade-system/dict-biz/remove', 'delete', 3, 2, 3, 1, '', 0), (1164733379658963255, 1164733379658963251, 'dictbiz_view', '查看', 'view', '/system/dictbiz/view', 'file-text', 4, 2, 2, 1, '', 0), (1164733389658962251, 1123598815738675298, 'sms', '短信配置', 'menu', '/resource/sms', 'iconfont iconicon_message', 2, 1, 0, 1, NULL, 0), (1164733389658962252, 1164733389658962251, 'sms_add', '新增', 'add', '/resource/sms/add', 'plus', 1, 2, 1, 1, NULL, 0), (1164733389658962253, 1164733389658962251, 'sms_edit', '修改', 'edit', '/resource/sms/edit', 'form', 2, 2, 2, 1, NULL, 0), (1164733389658962254, 1164733389658962251, 'sms_delete', '删除', 'delete', '/api/blade-resource/sms/remove', 'delete', 3, 2, 3, 1, NULL, 0), (1164733389658962255, 1164733389658962251, 'sms_view', '查看', 'view', '/resource/sms/view', 'file-text', 4, 2, 2, 1, NULL, 0), (1164733389658962256, 1164733389658962251, 'sms_enable', '启用', 'enable', '/api/blade-resource/sms/enable', 'key', 5, 2, 2, 2, NULL, 0), (1164733389658963251, 1123598815738675298, 'xxljob', '任务调度', 'menu', 'http://localhost:7009/xxl-job-admin', 'iconfont iconicon_cspace', 3, 1, 0, 2, '', 0), (1164733389668962251, 1123598815738675203, 'post', '岗位管理', 'menu', '/system/post', 'iconfont iconicon_message', 3, 1, 0, 1, NULL, 0), (1164733389668962252, 1164733389668962251, 'post_add', '新增', 'add', '/system/post/add', 'plus', 1, 2, 1, 1, NULL, 0), (1164733389668962253, 1164733389668962251, 'post_edit', '修改', 'edit', '/system/post/edit', 'form', 2, 2, 2, 1, NULL, 0), (1164733389668962254, 1164733389668962251, 'post_delete', '删除', 'delete', '/api/blade-system/post/remove', 'delete', 3, 2, 3, 1, NULL, 0), (1164733389668962255, 1164733389668962251, 'post_view', '查看', 'view', '/system/post/view', 'file-text', 4, 2, 2, 1, NULL, 0);
COMMIT;

-- ----------------------------
-- Table structure for blade_notice
-- ----------------------------
DROP TABLE IF EXISTS `blade_notice`;
CREATE TABLE `blade_notice`  (
  `id` bigint(64) NOT NULL COMMENT '主键',
  `tenant_id` varchar(12) CHARACTER SET utf8mb4 COLLATE utf8mb4_general_ci NULL DEFAULT '000000' COMMENT '租户ID',
  `title` varchar(255) CHARACTER SET utf8mb4 COLLATE utf8mb4_general_ci NULL DEFAULT NULL COMMENT '标题',
  `category` int(11) NULL DEFAULT NULL COMMENT '类型',
  `release_time` datetime(0) NULL DEFAULT NULL COMMENT '发布时间',
  `content` varchar(2000) CHARACTER SET utf8mb4 COLLATE utf8mb4_general_ci NULL DEFAULT NULL COMMENT '内容',
  `create_user` bigint(64) NULL DEFAULT NULL COMMENT '创建人',
  `create_dept` bigint(64) NULL DEFAULT NULL COMMENT '创建部门',
  `create_time` datetime(0) NULL DEFAULT NULL COMMENT '创建时间',
  `update_user` bigint(64) NULL DEFAULT NULL COMMENT '修改人',
  `update_time` datetime(0) NULL DEFAULT NULL COMMENT '修改时间',
  `status` int(2) NULL DEFAULT NULL COMMENT '状态',
  `is_deleted` int(2) NULL DEFAULT NULL COMMENT '是否已删除',
  PRIMARY KEY (`id`) USING BTREE
) ENGINE = InnoDB CHARACTER SET = utf8mb4 COLLATE = utf8mb4_general_ci COMMENT = '通知公告表';

-- ----------------------------
-- Records of blade_notice
-- ----------------------------
BEGIN;
INSERT INTO `blade_notice` VALUES (1123598818738675223, '000000', '测试公告', 3, '2018-12-31 20:03:31', '222', 1123598821738675201, 1123598813738675201, '2018-12-05 20:03:31', 1123598821738675201, '2018-12-28 11:10:51', 1, 0), (1123598818738675224, '000000', '测试公告2', 1, '2018-12-05 20:03:31', '333', 1123598821738675201, 1123598813738675201, '2018-12-28 10:32:26', 1123598821738675201, '2018-12-28 11:10:34', 1, 0), (1123598818738675225, '000000', '测试公告3', 6, '2018-12-29 00:00:00', '11111', 1123598821738675201, 1123598813738675201, '2018-12-28 11:03:44', 1123598821738675201, '2018-12-28 11:10:28', 1, 0);
COMMIT;

-- ----------------------------
-- Table structure for blade_oss
-- ----------------------------
DROP TABLE IF EXISTS `blade_oss`;
CREATE TABLE `blade_oss`  (
  `id` bigint(64) NOT NULL COMMENT '主键',
  `tenant_id` varchar(12) CHARACTER SET utf8mb4 COLLATE utf8mb4_general_ci NULL DEFAULT '000000' COMMENT '租户ID',
  `category` int(2) NULL DEFAULT NULL COMMENT '分类',
  `oss_code` varchar(32) CHARACTER SET utf8mb4 COLLATE utf8mb4_general_ci NULL DEFAULT NULL COMMENT '资源编号',
  `endpoint` varchar(255) CHARACTER SET utf8mb4 COLLATE utf8mb4_general_ci NULL DEFAULT NULL COMMENT '资源地址',
  `access_key` varchar(255) CHARACTER SET utf8mb4 COLLATE utf8mb4_general_ci NULL DEFAULT NULL COMMENT 'accessKey',
  `secret_key` varchar(255) CHARACTER SET utf8mb4 COLLATE utf8mb4_general_ci NULL DEFAULT NULL COMMENT 'secretKey',
  `bucket_name` varchar(255) CHARACTER SET utf8mb4 COLLATE utf8mb4_general_ci NULL DEFAULT NULL COMMENT '空间名',
  `app_id` varchar(255) CHARACTER SET utf8mb4 COLLATE utf8mb4_general_ci NULL DEFAULT NULL COMMENT '应用ID',
  `region` varchar(255) CHARACTER SET utf8mb4 COLLATE utf8mb4_general_ci NULL DEFAULT NULL COMMENT '地域简称',
  `remark` varchar(255) CHARACTER SET utf8mb4 COLLATE utf8mb4_general_ci NULL DEFAULT NULL COMMENT '备注',
  `create_user` bigint(64) NULL DEFAULT NULL COMMENT '创建人',
  `create_dept` bigint(64) NULL DEFAULT NULL COMMENT '创建部门',
  `create_time` datetime(0) NULL DEFAULT NULL COMMENT '创建时间',
  `update_user` bigint(64) NULL DEFAULT NULL COMMENT '修改人',
  `update_time` datetime(0) NULL DEFAULT NULL COMMENT '修改时间',
  `status` int(2) NULL DEFAULT NULL COMMENT '状态',
  `is_deleted` int(2) NULL DEFAULT 0 COMMENT '是否已删除',
  PRIMARY KEY (`id`) USING BTREE
) ENGINE = InnoDB CHARACTER SET = utf8mb4 COLLATE = utf8mb4_general_ci COMMENT = '对象存储表';

-- ----------------------------
-- Records of blade_oss
-- ----------------------------
BEGIN;
INSERT INTO `blade_oss` VALUES (1132486733992468482, '000000', 1, 'minio', 'http://127.0.0.1:9000', 'D99KGE6ZTQXSATTJWU24', 'QyVqGnhIQQE734UYSUFlGOZViE6+ZlDEfUG3NjhJ', 'bladex', '', '', '', 1123598821738675201, 1123598813738675201, '2019-05-26 11:20:52', 1123598821738675201, '2019-05-27 08:34:55', 2, 0), (1132487155981393922, '000000', 2, 'qiniu', 'http://ps458elcs.bkt.clouddn.com', 'N_Loh1ngBqcJovwiAJqR91Ifj2vgOWHOf8AwBA_h', 'AuzuA1KHAbkIndCU0dB3Zfii2O3crHNODDmpxHRS', 'bladex', '', '', '', 1123598821738675201, 1123598813738675201, '2019-05-26 11:22:33', 1123598821738675201, '2019-05-26 23:27:56', 1, 0);
COMMIT;

-- ----------------------------
-- Table structure for blade_param
-- ----------------------------
DROP TABLE IF EXISTS `blade_param`;
CREATE TABLE `blade_param`  (
  `id` bigint(64) NOT NULL COMMENT '主键',
  `param_name` varchar(255) CHARACTER SET utf8mb4 COLLATE utf8mb4_general_ci NULL DEFAULT NULL COMMENT '参数名',
  `param_key` varchar(255) CHARACTER SET utf8mb4 COLLATE utf8mb4_general_ci NULL DEFAULT NULL COMMENT '参数键',
  `param_value` varchar(255) CHARACTER SET utf8mb4 COLLATE utf8mb4_general_ci NULL DEFAULT NULL COMMENT '参数值',
  `remark` varchar(255) CHARACTER SET utf8mb4 COLLATE utf8mb4_general_ci NULL DEFAULT NULL COMMENT '备注',
  `create_user` bigint(64) NULL DEFAULT NULL COMMENT '创建人',
  `create_dept` bigint(64) NULL DEFAULT NULL COMMENT '创建部门',
  `create_time` datetime(0) NULL DEFAULT NULL COMMENT '创建时间',
  `update_user` bigint(64) NULL DEFAULT NULL COMMENT '修改人',
  `update_time` datetime(0) NULL DEFAULT NULL COMMENT '修改时间',
  `status` int(2) NULL DEFAULT NULL COMMENT '状态',
  `is_deleted` int(2) NULL DEFAULT 0 COMMENT '是否已删除',
  PRIMARY KEY (`id`) USING BTREE
) ENGINE = InnoDB CHARACTER SET = utf8mb4 COLLATE = utf8mb4_general_ci COMMENT = '参数表';

-- ----------------------------
-- Records of blade_param
-- ----------------------------
BEGIN;
INSERT INTO `blade_param` VALUES (1123598819738675201, '是否开启注册功能', 'account.registerUser', 'true', '开启注册', 1123598821738675201, 1123598813738675201, '2018-12-28 12:19:01', 1123598821738675201, '2018-12-28 12:19:01', 1, 0), (1123598819738675202, '账号初始密码', 'account.initPassword', '123456', '初始密码', 1123598821738675201, 1123598813738675201, '2018-12-28 12:19:01', 1123598821738675201, '2018-12-28 12:19:01', 1, 0), (1238706101399142402, '租户默认管理密码', 'tenant.default.password', 'admin', NULL, 1123598821738675201, 1123598813738675201, '2020-03-14 13:58:43', 1123598821738675201, '2020-03-14 13:58:43', 1, 0), (1238706160295559170, '租户默认账号额度', 'tenant.default.accountNumber', '100', NULL, 1123598821738675201, 1123598813738675201, '2020-03-14 13:58:57', 1123598821738675201, '2020-03-14 13:58:57', 1, 0), (1238706330076790786, '租户默认菜单集合', 'tenant.default.menuCode', 'desk,flow,work,monitor,resource,role,user,dept,post,dictbiz,topmenu', NULL, 1123598821738675201, 1123598813738675201, '2020-03-14 13:59:38', 1123598821738675201, '2020-03-14 13:59:38', 1, 0);
COMMIT;

-- ----------------------------
-- Table structure for blade_post
-- ----------------------------
DROP TABLE IF EXISTS `blade_post`;
CREATE TABLE `blade_post`  (
  `id` bigint(64) NOT NULL COMMENT '主键',
  `tenant_id` varchar(12) CHARACTER SET utf8mb4 COLLATE utf8mb4_general_ci NULL DEFAULT '000000' COMMENT '租户ID',
  `category` int(11) NULL DEFAULT NULL COMMENT '岗位类型',
  `post_code` varchar(12) CHARACTER SET utf8mb4 COLLATE utf8mb4_general_ci NULL DEFAULT NULL COMMENT '岗位编号',
  `post_name` varchar(64) CHARACTER SET utf8mb4 COLLATE utf8mb4_general_ci NULL DEFAULT NULL COMMENT '岗位名称',
  `sort` int(2) NULL DEFAULT NULL COMMENT '岗位排序',
  `remark` varchar(255) CHARACTER SET utf8mb4 COLLATE utf8mb4_general_ci NULL DEFAULT NULL COMMENT '岗位描述',
  `create_user` bigint(64) NULL DEFAULT NULL COMMENT '创建人',
  `create_dept` bigint(64) NULL DEFAULT NULL COMMENT '创建部门',
  `create_time` datetime(0) NULL DEFAULT NULL COMMENT '创建时间',
  `update_user` bigint(64) NULL DEFAULT NULL COMMENT '修改人',
  `update_time` datetime(0) NULL DEFAULT NULL COMMENT '修改时间',
  `status` int(2) NULL DEFAULT NULL COMMENT '状态',
  `is_deleted` int(2) NULL DEFAULT NULL COMMENT '是否已删除',
  PRIMARY KEY (`id`) USING BTREE
) ENGINE = InnoDB CHARACTER SET = utf8mb4 COLLATE = utf8mb4_general_ci COMMENT = '岗位表';

-- ----------------------------
-- Records of blade_post
-- ----------------------------
BEGIN;
INSERT INTO `blade_post` VALUES (1123598817738675201, '000000', 1, 'ceo', '首席执行官', 1, '总经理', 1123598821738675201, 1123598813738675201, '2020-04-01 00:00:00', 1123598821738675201, '2020-04-01 00:00:00', 1, 0), (1123598817738675202, '000000', 1, 'coo', '首席运营官', 2, '常务总经理', 1123598821738675201, 1123598813738675201, '2020-04-01 00:00:00', 1123598821738675201, '2020-04-01 00:00:00', 1, 0), (1123598817738675203, '000000', 1, 'cfo', '首席财务官', 3, '财务总经理', 1123598821738675201, 1123598813738675201, '2020-04-01 00:00:00', 1123598821738675201, '2020-04-01 00:00:00', 1, 0), (1123598817738675204, '000000', 1, 'cto', '首席技术官', 4, '技术总监', 1123598821738675201, 1123598813738675201, '2020-04-01 00:00:00', 1123598821738675201, '2020-04-01 00:00:00', 1, 0), (1123598817738675205, '000000', 1, 'cio', '首席信息官', 5, '信息总监', 1123598821738675201, 1123598813738675201, '2020-04-01 00:00:00', 1123598821738675201, '2020-04-01 00:00:00', 1, 0), (1123598817738675206, '000000', 2, 'pm', '技术经理', 6, '研发和产品是永远的朋友', 1123598821738675201, 1123598813738675201, '2020-04-01 00:00:00', 1123598821738675201, '2020-04-01 00:00:00', 1, 0), (1123598817738675207, '000000', 2, 'hrm', '人力经理', 7, '人力资源部门工作管理者', 1123598821738675201, 1123598813738675201, '2020-04-01 00:00:00', 1123598821738675201, '2020-04-01 00:00:00', 1, 0), (1123598817738675208, '000000', 3, 'staff', '普通员工', 8, '普通员工', 1123598821738675201, 1123598813738675201, '2020-04-01 00:00:00', 1123598821738675201, '2020-04-01 00:00:00', 1, 0);
COMMIT;

-- ----------------------------
-- Table structure for blade_process_leave
-- ----------------------------
DROP TABLE IF EXISTS `blade_process_leave`;
CREATE TABLE `blade_process_leave`  (
  `id` bigint(64) NOT NULL COMMENT '编号',
  `process_definition_id` varchar(64) CHARACTER SET utf8mb4 COLLATE utf8mb4_general_ci NULL DEFAULT NULL COMMENT '流程定义主键',
  `process_instance_id` varchar(64) CHARACTER SET utf8mb4 COLLATE utf8mb4_general_ci NULL DEFAULT NULL COMMENT '流程实例主键',
  `start_time` datetime(0) NULL DEFAULT NULL COMMENT '开始时间',
  `end_time` datetime(0) NULL DEFAULT NULL COMMENT '结束时间',
  `reason` varchar(255) CHARACTER SET utf8mb4 COLLATE utf8mb4_general_ci NULL DEFAULT NULL COMMENT '请假理由',
  `task_user` varchar(255) CHARACTER SET utf8mb4 COLLATE utf8mb4_general_ci NULL DEFAULT NULL COMMENT '第一级审批人',
  `apply_time` datetime(0) NULL DEFAULT NULL COMMENT '申请时间',
  `create_user` bigint(64) NULL DEFAULT NULL COMMENT '创建人',
  `create_dept` bigint(64) NULL DEFAULT NULL COMMENT '创建部门',
  `create_time` datetime(0) NULL DEFAULT NULL COMMENT '创建时间',
  `update_user` bigint(64) NULL DEFAULT NULL COMMENT '修改人',
  `update_time` datetime(0) NULL DEFAULT NULL COMMENT '修改时间',
  `status` int(2) NULL DEFAULT NULL COMMENT '状态',
  `is_deleted` int(2) NULL DEFAULT NULL COMMENT '是否已删除',
  PRIMARY KEY (`id`) USING BTREE
) ENGINE = InnoDB CHARACTER SET = utf8mb4 COLLATE = utf8mb4_general_ci COMMENT = '流程请假业务表';

-- ----------------------------
-- Table structure for blade_role
-- ----------------------------
DROP TABLE IF EXISTS `blade_role`;
CREATE TABLE `blade_role`  (
  `id` bigint(64) NOT NULL COMMENT '主键',
  `tenant_id` varchar(12) CHARACTER SET utf8mb4 COLLATE utf8mb4_general_ci NULL DEFAULT '000000' COMMENT '租户ID',
  `parent_id` bigint(64) NULL DEFAULT 0 COMMENT '父主键',
  `role_name` varchar(255) CHARACTER SET utf8mb4 COLLATE utf8mb4_general_ci NULL DEFAULT NULL COMMENT '角色名',
  `sort` int(11) NULL DEFAULT NULL COMMENT '排序',
  `role_alias` varchar(255) CHARACTER SET utf8mb4 COLLATE utf8mb4_general_ci NULL DEFAULT NULL COMMENT '角色别名',
  `is_deleted` int(2) NULL DEFAULT 0 COMMENT '是否已删除',
  PRIMARY KEY (`id`) USING BTREE
) ENGINE = InnoDB CHARACTER SET = utf8mb4 COLLATE = utf8mb4_general_ci COMMENT = '角色表';

-- ----------------------------
-- Records of blade_role
-- ----------------------------
BEGIN;
INSERT INTO `blade_role` VALUES (1123598816738675201, '000000', 0, '超级管理员', 1, 'administrator', 0), (1123598816738675202, '000000', 0, '用户', 2, 'user', 0), (1123598816738675203, '000000', 1123598816738675202, '人事', 1, 'hr', 0), (1123598816738675204, '000000', 1123598816738675202, '经理', 2, 'manager', 0), (1123598816738675205, '000000', 1123598816738675202, '老板', 3, 'boss', 0);
COMMIT;

-- ----------------------------
-- Table structure for blade_role_menu
-- ----------------------------
DROP TABLE IF EXISTS `blade_role_menu`;
CREATE TABLE `blade_role_menu`  (
  `id` bigint(64) NOT NULL COMMENT '主键',
  `menu_id` bigint(64) NULL DEFAULT NULL COMMENT '菜单id',
  `role_id` bigint(64) NULL DEFAULT NULL COMMENT '角色id',
  PRIMARY KEY (`id`) USING BTREE
) ENGINE = InnoDB CHARACTER SET = utf8mb4 COLLATE = utf8mb4_general_ci COMMENT = '角色菜单关联表';

-- ----------------------------
-- Records of blade_role_menu
-- ----------------------------
BEGIN;
INSERT INTO `blade_role_menu` VALUES (1123598817738675363, 1123598815738675201, 1123598816738675202), (1123598817738675364, 1123598815738675202, 1123598816738675202), (1123598817738675365, 1123598815738675219, 1123598816738675202), (1123598817738675366, 1123598815738675220, 1123598816738675202), (1123598817738675367, 1123598815738675221, 1123598816738675202), (1123598817738675368, 1123598815738675222, 1123598816738675202), (1123598817738675369, 1123598815738675280, 1123598816738675202), (1123598817738675370, 1123598815738675281, 1123598816738675202), (1123598817738675371, 1123598815738675282, 1123598816738675202), (1123598817738675372, 1123598815738675283, 1123598816738675202), (1123598817738675373, 1123598815738675284, 1123598816738675202), (1123598817738675374, 1123598815738675285, 1123598816738675202), (1123598817738675375, 1123598815738675286, 1123598816738675202), (1123598817738675376, 1123598815738675287, 1123598816738675202), (1123598817738675377, 1123598815738675288, 1123598816738675202), (1123598817738675378, 1123598815738675289, 1123598816738675202), (1123598817738675379, 1123598815738675290, 1123598816738675202), (1123598817738675380, 1123598815738675291, 1123598816738675202), (1123598817738675381, 1123598815738675292, 1123598816738675202), (1123598817738675382, 1123598815738675293, 1123598816738675202), (1123598817738675383, 1123598815738675294, 1123598816738675202), (1123598817738675384, 1123598815738675295, 1123598816738675202), (1123598817738675385, 1123598815738675296, 1123598816738675202), (1123598817738675386, 1123598815738675297, 1123598816738675202), (1123598817738675387, 1123598815738675201, 1123598816738675203), (1123598817738675388, 1123598815738675202, 1123598816738675203), (1123598817738675389, 1123598815738675219, 1123598816738675203), (1123598817738675390, 1123598815738675220, 1123598816738675203), (1123598817738675391, 1123598815738675221, 1123598816738675203), (1123598817738675392, 1123598815738675222, 1123598816738675203), (1123598817738675393, 1123598815738675280, 1123598816738675203), (1123598817738675394, 1123598815738675281, 1123598816738675203), (1123598817738675395, 1123598815738675282, 1123598816738675203), (1123598817738675396, 1123598815738675283, 1123598816738675203), (1123598817738675397, 1123598815738675284, 1123598816738675203), (1123598817738675398, 1123598815738675285, 1123598816738675203), (1123598817738675399, 1123598815738675286, 1123598816738675203), (1123598817738675400, 1123598815738675287, 1123598816738675203), (1123598817738675401, 1123598815738675288, 1123598816738675203), (1123598817738675402, 1123598815738675289, 1123598816738675203), (1123598817738675403, 1123598815738675290, 1123598816738675203), (1123598817738675404, 1123598815738675291, 1123598816738675203), (1123598817738675405, 1123598815738675292, 1123598816738675203), (1123598817738675406, 1123598815738675293, 1123598816738675203), (1123598817738675407, 1123598815738675294, 1123598816738675203), (1123598817738675408, 1123598815738675295, 1123598816738675203), (1123598817738675409, 1123598815738675296, 1123598816738675203), (1123598817738675410, 1123598815738675297, 1123598816738675203), (1123598817738675411, 1123598815738675201, 1123598816738675204), (1123598817738675412, 1123598815738675202, 1123598816738675204), (1123598817738675413, 1123598815738675219, 1123598816738675204), (1123598817738675414, 1123598815738675220, 1123598816738675204), (1123598817738675415, 1123598815738675221, 1123598816738675204), (1123598817738675416, 1123598815738675222, 1123598816738675204), (1123598817738675417, 1123598815738675280, 1123598816738675204), (1123598817738675418, 1123598815738675281, 1123598816738675204), (1123598817738675419, 1123598815738675282, 1123598816738675204), (1123598817738675420, 1123598815738675283, 1123598816738675204), (1123598817738675421, 1123598815738675284, 1123598816738675204), (1123598817738675422, 1123598815738675285, 1123598816738675204), (1123598817738675423, 1123598815738675286, 1123598816738675204), (1123598817738675424, 1123598815738675287, 1123598816738675204), (1123598817738675425, 1123598815738675288, 1123598816738675204), (1123598817738675426, 1123598815738675289, 1123598816738675204), (1123598817738675427, 1123598815738675290, 1123598816738675204), (1123598817738675428, 1123598815738675291, 1123598816738675204), (1123598817738675429, 1123598815738675292, 1123598816738675204), (1123598817738675430, 1123598815738675293, 1123598816738675204), (1123598817738675431, 1123598815738675294, 1123598816738675204), (1123598817738675432, 1123598815738675295, 1123598816738675204), (1123598817738675433, 1123598815738675296, 1123598816738675204), (1123598817738675434, 1123598815738675297, 1123598816738675204), (1123598817738675435, 1123598815738675201, 1123598816738675205), (1123598817738675436, 1123598815738675202, 1123598816738675205), (1123598817738675437, 1123598815738675219, 1123598816738675205), (1123598817738675438, 1123598815738675220, 1123598816738675205), (1123598817738675439, 1123598815738675221, 1123598816738675205), (1123598817738675440, 1123598815738675222, 1123598816738675205), (1123598817738675441, 1123598815738675280, 1123598816738675205), (1123598817738675442, 1123598815738675281, 1123598816738675205), (1123598817738675443, 1123598815738675282, 1123598816738675205), (1123598817738675444, 1123598815738675283, 1123598816738675205), (1123598817738675445, 1123598815738675284, 1123598816738675205), (1123598817738675446, 1123598815738675285, 1123598816738675205), (1123598817738675447, 1123598815738675286, 1123598816738675205), (1123598817738675448, 1123598815738675287, 1123598816738675205), (1123598817738675449, 1123598815738675288, 1123598816738675205), (1123598817738675450, 1123598815738675289, 1123598816738675205), (1123598817738675451, 1123598815738675290, 1123598816738675205), (1123598817738675452, 1123598815738675291, 1123598816738675205), (1123598817738675453, 1123598815738675292, 1123598816738675205), (1123598817738675454, 1123598815738675293, 1123598816738675205), (1123598817738675455, 1123598815738675294, 1123598816738675205), (1123598817738675456, 1123598815738675295, 1123598816738675205), (1123598817738675457, 1123598815738675296, 1123598816738675205), (1123598817738675458, 1123598815738675297, 1123598816738675205), (1149888292426575874, 1123598815738675201, 1123598816738675201), (1149888292476907522, 1123598815738675202, 1123598816738675201), (1149888292489490433, 1123598815738675219, 1123598816738675201), (1149888292502073345, 1123598815738675220, 1123598816738675201), (1149888292518850561, 1123598815738675221, 1123598816738675201), (1149888292535627777, 1123598815738675222, 1123598816738675201), (1149888292548210690, 1123598815738675280, 1123598816738675201), (1149888292560793602, 1123598815738675281, 1123598816738675201), (1149888292577570817, 1123598815738675282, 1123598816738675201), (1149888292594348033, 1123598815738675283, 1123598816738675201), (1149888292611125249, 1123598815738675284, 1123598816738675201), (1149888292623708162, 1123598815738675285, 1123598816738675201), (1149888292640485377, 1123598815738675286, 1123598816738675201), (1149888292653068289, 1123598815738675287, 1123598816738675201), (1149888292669845506, 1123598815738675288, 1123598816738675201), (1149888292682428417, 1123598815738675289, 1123598816738675201), (1149888292699205634, 1123598815738675290, 1123598816738675201), (1149888292711788545, 1123598815738675291, 1123598816738675201), (1149888292724371458, 1123598815738675292, 1123598816738675201), (1149888292741148674, 1123598815738675293, 1123598816738675201), (1149888292753731585, 1123598815738675294, 1123598816738675201), (1149888292766314497, 1123598815738675295, 1123598816738675201), (1149888292778897410, 1123598815738675296, 1123598816738675201), (1149888292791480321, 1123598815738675297, 1123598816738675201), (1149888292808257537, 1123598815738675210, 1123598816738675201), (1149888292820840449, 1123598815738675211, 1123598816738675201), (1149888292833423362, 1123598815738675212, 1123598816738675201), (1149888292846006274, 1123598815738675213, 1123598816738675201), (1149888292862783489, 1123598815738675214, 1123598816738675201), (1149888292875366401, 1123598815738675249, 1123598816738675201), (1149888292887949313, 1123598815738675215, 1123598816738675201), (1149888292904726530, 1123598815738675250, 1123598816738675201), (1149888292917309442, 1123598815738675216, 1123598816738675201), (1149888292929892353, 1123598815738675251, 1123598816738675201), (1149888292942475265, 1123598815738675217, 1123598816738675201), (1149888292959252482, 1123598815738675218, 1123598816738675201), (1149888292971835393, 1123598815738675252, 1123598816738675201), (1149888292984418306, 1123598815738675253, 1123598816738675201), (1149888292997001217, 1123598815738675254, 1123598816738675201), (1149888293009584129, 1123598815738675255, 1123598816738675201), (1149888293026361346, 1123598815738675266, 1123598816738675201), (1149888293043138562, 1123598815738675267, 1123598816738675201), (1149888293055721473, 1123598815738675268, 1123598816738675201), (1149888293072498690, 1123598815738675269, 1123598816738675201), (1149888293089275906, 1123598815738675270, 1123598816738675201), (1149888293101858817, 1123598815738675271, 1123598816738675201), (1149888293114441729, 1123598815738675272, 1123598816738675201), (1149888293127024642, 1123598815738675273, 1123598816738675201), (1149888293139607554, 1123598815738675274, 1123598816738675201), (1149888293152190465, 1123598815738675275, 1123598816738675201), (1149888293164773377, 1123598815738675276, 1123598816738675201), (1149888293177356290, 1123598815738675277, 1123598816738675201), (1149888293189939201, 1123598815738675278, 1123598816738675201), (1149888293202522113, 1123598815738675279, 1123598816738675201), (1149888293215105026, 1123598815738675298, 1123598816738675201), (1149888293227687938, 1123598815738675299, 1123598816738675201), (1149888293240270850, 1123598815738675301, 1123598816738675201), (1149888293252853762, 1123598815738675302, 1123598816738675201), (1149888293265436674, 1123598815738675303, 1123598816738675201), (1149888293278019586, 1123598815738675304, 1123598816738675201), (1149888293290602497, 1123598815738675305, 1123598816738675201), (1149888293303185410, 1123598815738675307, 1123598816738675201), (1149888293315768322, 1123598815738675308, 1123598816738675201), (1149888293328351234, 1123598815738675241, 1123598816738675201), (1149888293336739841, 1123598815738675242, 1123598816738675201), (1149888293349322753, 1123598815738675243, 1123598816738675201), (1149888293361905666, 1123598815738675244, 1123598816738675201), (1149888293374488578, 1123598815738675309, 1123598816738675201), (1149888293387071489, 1123598815738675310, 1123598816738675201), (1149888293399654402, 1123598815738675311, 1123598816738675201), (1149888293412237313, 1123598815738675312, 1123598816738675201), (1149888293424820226, 1123598815738675203, 1123598816738675201), (1149888293454180354, 1123598815738675204, 1123598816738675201), (1149888293483540481, 1123598815738675223, 1123598816738675201), (1149888293512900609, 1123598815738675224, 1123598816738675201), (1149888293529677826, 1123598815738675225, 1123598816738675201), (1149888293554843649, 1123598815738675226, 1123598816738675201), (1149888293571620866, 1123598815738675227, 1123598816738675201), (1149888293588398081, 1123598815738675228, 1123598816738675201), (1149888293605175297, 1123598815738675205, 1123598816738675201), (1149888293617758209, 1123598815738675229, 1123598816738675201), (1149888293630341121, 1123598815738675230, 1123598816738675201), (1149888293642924033, 1123598815738675231, 1123598816738675201), (1149888293659701250, 1123598815738675232, 1123598816738675201), (1149888293672284162, 1123598815738675206, 1123598816738675201), (1149888293684867074, 1123598815738675233, 1123598816738675201), (1149888293697449986, 1123598815738675234, 1123598816738675201), (1149888293710032897, 1123598815738675235, 1123598816738675201), (1149888293722615809, 1123598815738675236, 1123598816738675201), (1149888293735198722, 1123598815738675207, 1123598816738675201), (1149888293747781633, 1123598815738675237, 1123598816738675201), (1149888293760364545, 1123598815738675238, 1123598816738675201), (1149888293772947458, 1123598815738675239, 1123598816738675201), (1149888293785530370, 1123598815738675240, 1123598816738675201), (1149888293798113282, 1123598815738675306, 1123598816738675201), (1149888293810696194, 1123598815738675208, 1123598816738675201), (1149888293819084802, 1123598815738675313, 1123598816738675201), (1149888293831667714, 1123598815738675314, 1123598816738675201), (1149888293844250626, 1123598815738675315, 1123598816738675201), (1149888293856833538, 1123598815738675316, 1123598816738675201), (1149888293856833539, 1123598815738675317, 1123598816738675201), (1149888293869416450, 1123598815738675209, 1123598816738675201), (1149888293881999362, 1123598815738675245, 1123598816738675201), (1149888293894582274, 1123598815738675246, 1123598816738675201), (1149888293907165186, 1123598815738675247, 1123598816738675201), (1149888293919748097, 1123598815738675248, 1123598816738675201), (1149888293932331010, 1123598815738675256, 1123598816738675201), (1149888293940719618, 1123598815738675257, 1123598816738675201), (1149888293953302530, 1123598815738675258, 1123598816738675201), (1149888293965885441, 1123598815738675259, 1123598816738675201), (1149888293978468354, 1123598815738675260, 1123598816738675201), (1149888293986856962, 1123598815738675261, 1123598816738675201), (1149888293999439874, 1123598815738675262, 1123598816738675201), (1149888294007828482, 1123598815738675263, 1123598816738675201), (1149888294020411393, 1123598815738675264, 1123598816738675201), (1149888294028800002, 1123598815738675265, 1123598816738675201), (1161272593873322991, 1161272593873321991, 1123598816738675201), (1161272593873322992, 1161272593873321992, 1123598816738675201), (1161272593873322993, 1161272593873321993, 1123598816738675201), (1161272593873322994, 1161272593873321994, 1123598816738675201), (1161272593873322995, 1161272593873321995, 1123598816738675201), (1161272593873322996, 1164733121140551682, 1123598816738675201), (1161272593873322997, 1164733349637844993, 1123598816738675201), (1161272693873322991, 1164733369658963251, 1123598816738675201), (1161272693873322992, 1164733369658963252, 1123598816738675201), (1161272693873322993, 1164733369658963253, 1123598816738675201), (1161272693873322994, 1164733369658963254, 1123598816738675201), (1161272693873322995, 1164733369658963255, 1123598816738675201), (1161272793873322991, 1164733379658963251, 1123598816738675201), (1161272793873322992, 116473337658963252, 1123598816738675201), (1161272793873322993, 1164733379658963253, 1123598816738675201), (1161272793873322994, 1164733379658963254, 1123598816738675201), (1161272793873322995, 1164733379658963255, 1123598816738675201), (1161272893873222991, 1164733389658962251, 1123598816738675201), (1161272893873222992, 1164733389658962252, 1123598816738675201), (1161272893873222993, 1164733389658962253, 1123598816738675201), (1161272893873222994, 1164733389658962254, 1123598816738675201), (1161272893873222995, 1164733389658962255, 1123598816738675201), (1161272893873222996, 1164733389658962256, 1123598816738675201), (1161272893873322991, 1164733389658963251, 1123598816738675201), (1161272893875225001, 1164733389668962251, 1123598816738675201), (1161272893875225002, 1164733389668962252, 1123598816738675201), (1161272893875225003, 1164733389668962253, 1123598816738675201), (1161272893875225004, 1164733389668962254, 1123598816738675201), (1161272893875225005, 1164733389668962255, 1123598816738675201), (1161272893875225006, 1164733389668962256, 1123598816738675201);
COMMIT;

-- ----------------------------
-- Table structure for blade_role_scope
-- ----------------------------
DROP TABLE IF EXISTS `blade_role_scope`;
CREATE TABLE `blade_role_scope`  (
  `id` bigint(64) NOT NULL COMMENT '主键',
  `scope_category` int(2) NULL DEFAULT NULL COMMENT '权限类型(1:数据权限、2:接口权限)',
  `scope_id` bigint(64) NULL DEFAULT NULL COMMENT '权限id',
  `role_id` bigint(64) NULL DEFAULT NULL COMMENT '角色id',
  PRIMARY KEY (`id`) USING BTREE
) ENGINE = InnoDB CHARACTER SET = utf8mb4 COLLATE = utf8mb4_general_ci COMMENT = '角色数据权限关联表';

-- ----------------------------
-- Table structure for blade_scope_api
-- ----------------------------
DROP TABLE IF EXISTS `blade_scope_api`;
CREATE TABLE `blade_scope_api`  (
  `id` bigint(64) NOT NULL COMMENT '主键',
  `menu_id` bigint(64) NULL DEFAULT NULL COMMENT '菜单主键',
  `resource_code` varchar(255) CHARACTER SET utf8mb4 COLLATE utf8mb4_general_ci NULL DEFAULT NULL COMMENT '资源编号',
  `scope_name` varchar(255) CHARACTER SET utf8mb4 COLLATE utf8mb4_general_ci NULL DEFAULT NULL COMMENT '接口权限名',
  `scope_path` varchar(255) CHARACTER SET utf8mb4 COLLATE utf8mb4_general_ci NULL DEFAULT NULL COMMENT '接口权限地址',
  `scope_type` int(2) NULL DEFAULT NULL COMMENT '接口权限类型',
  `remark` varchar(255) CHARACTER SET utf8mb4 COLLATE utf8mb4_general_ci NULL DEFAULT NULL COMMENT '接口权限备注',
  `create_user` bigint(64) NULL DEFAULT NULL COMMENT '创建人',
  `create_dept` bigint(64) NULL DEFAULT NULL COMMENT '创建部门',
  `create_time` datetime(0) NULL DEFAULT NULL COMMENT '创建时间',
  `update_user` bigint(64) NULL DEFAULT NULL COMMENT '修改人',
  `update_time` datetime(0) NULL DEFAULT NULL COMMENT '修改时间',
  `status` int(2) NULL DEFAULT NULL COMMENT '状态',
  `is_deleted` int(2) NULL DEFAULT NULL COMMENT '是否已删除',
  PRIMARY KEY (`id`) USING BTREE
) ENGINE = InnoDB CHARACTER SET = utf8mb4 COLLATE = utf8mb4_general_ci COMMENT = '接口权限表';

-- ----------------------------
-- Table structure for blade_scope_data
-- ----------------------------
DROP TABLE IF EXISTS `blade_scope_data`;
CREATE TABLE `blade_scope_data`  (
  `id` bigint(64) NOT NULL COMMENT '主键',
  `menu_id` bigint(64) NULL DEFAULT NULL COMMENT '菜单主键',
  `resource_code` varchar(255) CHARACTER SET utf8mb4 COLLATE utf8mb4_general_ci NULL DEFAULT NULL COMMENT '资源编号',
  `scope_name` varchar(255) CHARACTER SET utf8mb4 COLLATE utf8mb4_general_ci NULL DEFAULT NULL COMMENT '数据权限名称',
  `scope_field` varchar(255) CHARACTER SET utf8mb4 COLLATE utf8mb4_general_ci NULL DEFAULT NULL COMMENT '数据权限字段',
  `scope_class` varchar(500) CHARACTER SET utf8mb4 COLLATE utf8mb4_general_ci NULL DEFAULT NULL COMMENT '数据权限类名',
  `scope_column` varchar(255) CHARACTER SET utf8mb4 COLLATE utf8mb4_general_ci NULL DEFAULT NULL COMMENT '数据权限字段',
  `scope_type` int(2) NULL DEFAULT NULL COMMENT '数据权限类型',
  `scope_value` varchar(2000) CHARACTER SET utf8mb4 COLLATE utf8mb4_general_ci NULL DEFAULT NULL COMMENT '数据权限值域',
  `remark` varchar(255) CHARACTER SET utf8mb4 COLLATE utf8mb4_general_ci NULL DEFAULT NULL COMMENT '数据权限备注',
  `create_user` bigint(64) NULL DEFAULT NULL COMMENT '创建人',
  `create_dept` bigint(64) NULL DEFAULT NULL COMMENT '创建部门',
  `create_time` datetime(0) NULL DEFAULT NULL COMMENT '创建时间',
  `update_user` bigint(64) NULL DEFAULT NULL COMMENT '修改人',
  `update_time` datetime(0) NULL DEFAULT NULL COMMENT '修改时间',
  `status` int(2) NULL DEFAULT NULL COMMENT '状态',
  `is_deleted` int(2) NULL DEFAULT NULL COMMENT '是否已删除',
  PRIMARY KEY (`id`) USING BTREE
) ENGINE = InnoDB CHARACTER SET = utf8mb4 COLLATE = utf8mb4_general_ci COMMENT = '数据权限表';

-- ----------------------------
-- Table structure for blade_sms
-- ----------------------------
DROP TABLE IF EXISTS `blade_sms`;
CREATE TABLE `blade_sms`  (
  `id` bigint(64) NOT NULL COMMENT '主键',
  `tenant_id` varchar(12) CHARACTER SET utf8mb4 COLLATE utf8mb4_general_ci NULL DEFAULT '000000' COMMENT '租户ID',
  `category` int(2) NULL DEFAULT NULL COMMENT '分类',
  `sms_code` varchar(32) CHARACTER SET utf8mb4 COLLATE utf8mb4_general_ci NULL DEFAULT NULL COMMENT '资源编号',
  `template_id` varchar(64) CHARACTER SET utf8mb4 COLLATE utf8mb4_general_ci NULL DEFAULT NULL COMMENT '模板ID',
  `access_key` varchar(255) CHARACTER SET utf8mb4 COLLATE utf8mb4_general_ci NULL DEFAULT NULL COMMENT 'accessKey',
  `secret_key` varchar(255) CHARACTER SET utf8mb4 COLLATE utf8mb4_general_ci NULL DEFAULT NULL COMMENT 'secretKey',
  `region_id` varchar(255) CHARACTER SET utf8mb4 COLLATE utf8mb4_general_ci NULL DEFAULT NULL COMMENT 'regionId',
  `sign_name` varchar(64) CHARACTER SET utf8mb4 COLLATE utf8mb4_general_ci NULL DEFAULT NULL COMMENT '短信签名',
  `remark` varchar(255) CHARACTER SET utf8mb4 COLLATE utf8mb4_general_ci NULL DEFAULT NULL COMMENT '备注',
  `create_user` bigint(64) NULL DEFAULT NULL COMMENT '创建人',
  `create_dept` bigint(64) NULL DEFAULT NULL COMMENT '创建部门',
  `create_time` datetime(0) NULL DEFAULT NULL COMMENT '创建时间',
  `update_user` bigint(64) NULL DEFAULT NULL COMMENT '修改人',
  `update_time` datetime(0) NULL DEFAULT NULL COMMENT '修改时间',
  `status` int(2) NULL DEFAULT NULL COMMENT '状态',
  `is_deleted` int(2) NULL DEFAULT 0 COMMENT '是否已删除',
  PRIMARY KEY (`id`) USING BTREE
) ENGINE = InnoDB CHARACTER SET = utf8mb4 COLLATE = utf8mb4_general_ci COMMENT = '短信配置表';

-- ----------------------------
-- Table structure for blade_tenant
-- ----------------------------
DROP TABLE IF EXISTS `blade_tenant`;
CREATE TABLE `blade_tenant`  (
  `id` bigint(64) NOT NULL COMMENT '主键',
  `tenant_id` varchar(12) CHARACTER SET utf8mb4 COLLATE utf8mb4_general_ci NULL DEFAULT '000000' COMMENT '租户ID',
  `tenant_name` varchar(50) CHARACTER SET utf8mb4 COLLATE utf8mb4_general_ci NOT NULL COMMENT '租户名称',
  `domain` varchar(255) CHARACTER SET utf8mb4 COLLATE utf8mb4_general_ci NULL DEFAULT NULL COMMENT '域名地址',
  `background_url` varchar(1000) CHARACTER SET utf8mb4 COLLATE utf8mb4_general_ci NULL DEFAULT NULL COMMENT '系统背景',
  `linkman` varchar(20) CHARACTER SET utf8mb4 COLLATE utf8mb4_general_ci NULL DEFAULT NULL COMMENT '联系人',
  `contact_number` varchar(20) CHARACTER SET utf8mb4 COLLATE utf8mb4_general_ci NULL DEFAULT NULL COMMENT '联系电话',
  `address` varchar(255) CHARACTER SET utf8mb4 COLLATE utf8mb4_general_ci NULL DEFAULT NULL COMMENT '联系地址',
  `account_number` int(11) NULL DEFAULT -1 COMMENT '账号额度',
  `expire_time` datetime(0) NULL DEFAULT NULL COMMENT '过期时间',
  `create_user` bigint(64) NULL DEFAULT NULL COMMENT '创建人',
  `create_dept` bigint(64) NULL DEFAULT NULL COMMENT '创建部门',
  `create_time` datetime(0) NULL DEFAULT NULL COMMENT '创建时间',
  `update_user` bigint(64) NULL DEFAULT NULL COMMENT '修改人',
  `update_time` datetime(0) NULL DEFAULT NULL COMMENT '修改时间',
  `status` int(2) NULL DEFAULT NULL COMMENT '状态',
  `is_deleted` int(2) NULL DEFAULT 0 COMMENT '是否已删除',
  PRIMARY KEY (`id`) USING BTREE
) ENGINE = InnoDB CHARACTER SET = utf8mb4 COLLATE = utf8mb4_general_ci COMMENT = '租户表';

-- ----------------------------
-- Records of blade_tenant
-- ----------------------------
BEGIN;
INSERT INTO `blade_tenant` VALUES (1123598820738675201, '000000', '管理组', NULL, NULL, 'admin', '666666', '管理组', -1, NULL, 1123598821738675201, 1123598813738675201, '2019-01-01 00:00:39', 1123598821738675201, '2019-01-01 00:00:39', 1, 0);
COMMIT;

-- ----------------------------
-- Table structure for blade_top_menu
-- ----------------------------
DROP TABLE IF EXISTS `blade_top_menu`;
CREATE TABLE `blade_top_menu`  (
  `id` bigint(64) NOT NULL COMMENT '主键',
  `tenant_id` varchar(12) CHARACTER SET utf8mb4 COLLATE utf8mb4_general_ci NULL DEFAULT NULL COMMENT '租户id',
  `code` varchar(255) CHARACTER SET utf8mb4 COLLATE utf8mb4_general_ci NULL DEFAULT NULL COMMENT '顶部菜单编号',
  `name` varchar(255) CHARACTER SET utf8mb4 COLLATE utf8mb4_general_ci NULL DEFAULT NULL COMMENT '顶部菜单名',
  `source` varchar(255) CHARACTER SET utf8mb4 COLLATE utf8mb4_general_ci NULL DEFAULT NULL COMMENT '顶部菜单资源',
  `sort` int(2) NULL DEFAULT NULL COMMENT '顶部菜单排序',
  `create_user` bigint(64) NULL DEFAULT NULL COMMENT '创建人',
  `create_dept` bigint(64) NULL DEFAULT NULL COMMENT '创建部门',
  `create_time` datetime(0) NULL DEFAULT NULL COMMENT '创建时间',
  `update_user` bigint(64) NULL DEFAULT NULL COMMENT '修改人',
  `update_time` datetime(0) NULL DEFAULT NULL COMMENT '修改时间',
  `status` int(2) NULL DEFAULT NULL COMMENT '状态',
  `is_deleted` int(2) NULL DEFAULT NULL COMMENT '是否已删除',
  PRIMARY KEY (`id`) USING BTREE
) ENGINE = InnoDB CHARACTER SET = utf8mb4 COLLATE = utf8mb4_general_ci COMMENT = '顶部菜单表';

-- ----------------------------
-- Table structure for blade_top_menu_setting
-- ----------------------------
DROP TABLE IF EXISTS `blade_top_menu_setting`;
CREATE TABLE `blade_top_menu_setting`  (
  `id` bigint(64) NOT NULL COMMENT '主键',
  `top_menu_id` bigint(64) NULL DEFAULT NULL COMMENT '顶部菜单主键',
  `menu_id` bigint(64) NULL DEFAULT NULL COMMENT '菜单主键',
  PRIMARY KEY (`id`) USING BTREE
) ENGINE = InnoDB CHARACTER SET = utf8mb4 COLLATE = utf8mb4_general_ci COMMENT = '顶部菜单配置表';

-- ----------------------------
-- Table structure for blade_user
-- ----------------------------
DROP TABLE IF EXISTS `blade_user`;
CREATE TABLE `blade_user`  (
  `id` bigint(64) NOT NULL COMMENT '主键',
  `tenant_id` varchar(12) CHARACTER SET utf8mb4 COLLATE utf8mb4_general_ci NULL DEFAULT '000000' COMMENT '租户ID',
  `code` varchar(12) CHARACTER SET utf8mb4 COLLATE utf8mb4_general_ci NULL DEFAULT NULL COMMENT '用户编号',
  `account` varchar(45) CHARACTER SET utf8mb4 COLLATE utf8mb4_general_ci NULL DEFAULT NULL COMMENT '账号',
  `password` varchar(45) CHARACTER SET utf8mb4 COLLATE utf8mb4_general_ci NULL DEFAULT NULL COMMENT '密码',
  `name` varchar(20) CHARACTER SET utf8mb4 COLLATE utf8mb4_general_ci NULL DEFAULT NULL COMMENT '昵称',
  `real_name` varchar(10) CHARACTER SET utf8mb4 COLLATE utf8mb4_general_ci NULL DEFAULT NULL COMMENT '真名',
  `avatar` varchar(500) CHARACTER SET utf8mb4 COLLATE utf8mb4_general_ci NULL DEFAULT NULL COMMENT '头像',
  `email` varchar(45) CHARACTER SET utf8mb4 COLLATE utf8mb4_general_ci NULL DEFAULT NULL COMMENT '邮箱',
  `phone` varchar(45) CHARACTER SET utf8mb4 COLLATE utf8mb4_general_ci NULL DEFAULT NULL COMMENT '手机',
  `birthday` datetime(0) NULL DEFAULT NULL COMMENT '生日',
  `sex` smallint(6) NULL DEFAULT NULL COMMENT '性别',
  `role_id` varchar(1000) CHARACTER SET utf8mb4 COLLATE utf8mb4_general_ci NULL DEFAULT NULL COMMENT '角色id',
  `dept_id` varchar(1000) CHARACTER SET utf8mb4 COLLATE utf8mb4_general_ci NULL DEFAULT NULL COMMENT '部门id',
  `post_id` varchar(1000) CHARACTER SET utf8mb4 COLLATE utf8mb4_general_ci NULL DEFAULT NULL COMMENT '岗位id',
  `create_user` bigint(64) NULL DEFAULT NULL COMMENT '创建人',
  `create_dept` bigint(64) NULL DEFAULT NULL COMMENT '创建部门',
  `create_time` datetime(0) NULL DEFAULT NULL COMMENT '创建时间',
  `update_user` bigint(64) NULL DEFAULT NULL COMMENT '修改人',
  `update_time` datetime(0) NULL DEFAULT NULL COMMENT '修改时间',
  `status` int(2) NULL DEFAULT NULL COMMENT '状态',
  `is_deleted` int(2) NULL DEFAULT 0 COMMENT '是否已删除',
  PRIMARY KEY (`id`) USING BTREE
) ENGINE = InnoDB CHARACTER SET = utf8mb4 COLLATE = utf8mb4_general_ci COMMENT = '用户表';

-- ----------------------------
-- Records of blade_user
-- ----------------------------
BEGIN;
INSERT INTO `blade_user` VALUES (1123598821738675201, '000000', NULL, 'admin', '90b9aa7e25f80cf4f64e990b78a9fc5ebd6cecad', '管理员', '管理员', 'https://gw.alipayobjects.com/zos/rmsportal/BiazfanxmamNRoxxVxka.png', 'admin@bladex.vip', '123333333333', '2018-08-08 00:00:00', 1, '1123598816738675201', '1123598813738675201', '1123598817738675201', 1123598821738675201, 1123598813738675201, '2018-08-08 00:00:00', 1123598821738675201, '2018-08-08 00:00:00', 1, 0), (1123598821738675202, '000000', NULL, 'hr', '5e79b90f7bba52d54115f086e48f539016a27ec6', '人事', '人事', '', 'hr@bladex.vip', '123333333333', '2018-08-08 00:00:00', 1, '1123598816738675203', '1123598813738675202', '1123598817738675207', 1123598821738675201, 1123598813738675201, '2019-04-27 17:03:10', 1123598821738675201, '2019-04-27 17:03:10', 1, 0), (1123598821738675203, '000000', NULL, 'manager', 'dfbaa3b61caa3a319f463cc165085aa8c822d2ce', '经理', '经理', '', 'manager@bladex.vip', '123333333333', '2018-08-08 00:00:00', 1, '1123598816738675204', '1123598813738675202', '1123598817738675206', 1123598821738675201, 1123598813738675201, '2019-04-27 17:03:38', 1123598821738675201, '2019-04-27 17:03:38', 1, 0), (1123598821738675204, '000000', NULL, 'boss', 'abe57d23e18f7ad8ea99c86e430c90a05119a9d3', '老板', '老板', '', 'boss@bladex.vip', '123333333333', '2018-08-08 00:00:00', 1, '1123598816738675205', '1123598813738675202', '1123598817738675201', 1123598821738675201, 1123598813738675201, '2019-04-27 17:03:55', 1123598821738675201, '2019-04-27 17:03:55', 1, 0);
COMMIT;

-- ----------------------------
-- Table structure for blade_user_dept
-- ----------------------------
DROP TABLE IF EXISTS `blade_user_dept`;
CREATE TABLE `blade_user_dept`  (
  `id` bigint(64) NOT NULL COMMENT '主键',
  `user_id` bigint(64) NULL DEFAULT 0 COMMENT '用户ID',
  `dept_id` bigint(64) NULL DEFAULT 0 COMMENT '部门ID',
  PRIMARY KEY (`id`) USING BTREE
) ENGINE = InnoDB CHARACTER SET = utf8mb4 COLLATE = utf8mb4_general_ci COMMENT = '用户部门表';

-- ----------------------------
-- Records of blade_user_dept
-- ----------------------------
BEGIN;
INSERT INTO `blade_user_dept` VALUES (1203503640757788674, 1123598821738675201, 1123598813738675201), (1203503653323923458, 1123598821738675202, 1123598813738675202), (1203503663402835969, 1123598821738675203, 1123598813738675202), (1203503672911323137, 1123598821738675204, 1123598813738675202);
COMMIT;

SET FOREIGN_KEY_CHECKS = 1;
